[
  {
    "name": "Application Start",
    "start": 1576750501258,
    "end": 1576750502242,
    "duration": 984,
    "pid": 7188,
    "index": 0
  },
  {
    "name": "Load Plugin",
    "start": 1576750501265,
    "end": 1576750501295,
    "duration": 30,
    "pid": 7188,
    "index": 1
  },
  {
    "name": "Load Config",
    "start": 1576750501295,
    "end": 1576750501324,
    "duration": 29,
    "pid": 7188,
    "index": 2
  },
  {
    "name": "Require(0) config/config.default.js",
    "start": 1576750501297,
    "end": 1576750501297,
    "duration": 0,
    "pid": 7188,
    "index": 3
  },
  {
    "name": "Require(1) node_modules/egg-session/config/config.default.js",
    "start": 1576750501300,
    "end": 1576750501300,
    "duration": 0,
    "pid": 7188,
    "index": 4
  },
  {
    "name": "Require(2) node_modules/egg-security/config/config.default.js",
    "start": 1576750501301,
    "end": 1576750501302,
    "duration": 1,
    "pid": 7188,
    "index": 5
  },
  {
    "name": "Require(3) node_modules/egg-jsonp/config/config.default.js",
    "start": 1576750501303,
    "end": 1576750501303,
    "duration": 0,
    "pid": 7188,
    "index": 6
  },
  {
    "name": "Require(4) node_modules/egg-onerror/config/config.default.js",
    "start": 1576750501303,
    "end": 1576750501304,
    "duration": 1,
    "pid": 7188,
    "index": 7
  },
  {
    "name": "Require(5) node_modules/egg-i18n/config/config.default.js",
    "start": 1576750501305,
    "end": 1576750501305,
    "duration": 0,
    "pid": 7188,
    "index": 8
  },
  {
    "name": "Require(6) node_modules/egg-watcher/config/config.default.js",
    "start": 1576750501306,
    "end": 1576750501307,
    "duration": 1,
    "pid": 7188,
    "index": 9
  },
  {
    "name": "Require(7) node_modules/egg-schedule/config/config.default.js",
    "start": 1576750501307,
    "end": 1576750501308,
    "duration": 1,
    "pid": 7188,
    "index": 10
  },
  {
    "name": "Require(8) node_modules/egg-multipart/config/config.default.js",
    "start": 1576750501308,
    "end": 1576750501309,
    "duration": 1,
    "pid": 7188,
    "index": 11
  },
  {
    "name": "Require(9) node_modules/egg-development/config/config.default.js",
    "start": 1576750501309,
    "end": 1576750501310,
    "duration": 1,
    "pid": 7188,
    "index": 12
  },
  {
    "name": "Require(10) node_modules/egg-logrotator/config/config.default.js",
    "start": 1576750501310,
    "end": 1576750501310,
    "duration": 0,
    "pid": 7188,
    "index": 13
  },
  {
    "name": "Require(11) node_modules/egg-static/config/config.default.js",
    "start": 1576750501311,
    "end": 1576750501311,
    "duration": 0,
    "pid": 7188,
    "index": 14
  },
  {
    "name": "Require(12) node_modules/egg-view/config/config.default.js",
    "start": 1576750501312,
    "end": 1576750501312,
    "duration": 0,
    "pid": 7188,
    "index": 15
  },
  {
    "name": "Require(13) node_modules/egg-cors/config/config.default.js",
    "start": 1576750501313,
    "end": 1576750501313,
    "duration": 0,
    "pid": 7188,
    "index": 16
  },
  {
    "name": "Require(14) node_modules/egg-validate/config/config.default.js",
    "start": 1576750501314,
    "end": 1576750501314,
    "duration": 0,
    "pid": 7188,
    "index": 17
  },
  {
    "name": "Require(15) node_modules/egg-sequelize/config/config.default.js",
    "start": 1576750501314,
    "end": 1576750501315,
    "duration": 1,
    "pid": 7188,
    "index": 18
  },
  {
    "name": "Require(16) node_modules/egg/config/config.default.js",
    "start": 1576750501315,
    "end": 1576750501315,
    "duration": 0,
    "pid": 7188,
    "index": 19
  },
  {
    "name": "Require(17) config/config.default.js",
    "start": 1576750501317,
    "end": 1576750501317,
    "duration": 0,
    "pid": 7188,
    "index": 20
  },
  {
    "name": "Require(18) node_modules/egg-security/config/config.local.js",
    "start": 1576750501318,
    "end": 1576750501318,
    "duration": 0,
    "pid": 7188,
    "index": 21
  },
  {
    "name": "Require(19) node_modules/egg-watcher/config/config.local.js",
    "start": 1576750501320,
    "end": 1576750501320,
    "duration": 0,
    "pid": 7188,
    "index": 22
  },
  {
    "name": "Require(20) node_modules/egg-view/config/config.local.js",
    "start": 1576750501322,
    "end": 1576750501322,
    "duration": 0,
    "pid": 7188,
    "index": 23
  },
  {
    "name": "Require(21) node_modules/egg/config/config.local.js",
    "start": 1576750501324,
    "end": 1576750501324,
    "duration": 0,
    "pid": 7188,
    "index": 24
  },
  {
    "name": "Load extend/application.js",
    "start": 1576750501326,
    "end": 1576750501343,
    "duration": 17,
    "pid": 7188,
    "index": 25
  },
  {
    "name": "Require(22) node_modules/egg-session/app/extend/application.js",
    "start": 1576750501326,
    "end": 1576750501327,
    "duration": 1,
    "pid": 7188,
    "index": 26
  },
  {
    "name": "Require(23) node_modules/egg-security/app/extend/application.js",
    "start": 1576750501328,
    "end": 1576750501329,
    "duration": 1,
    "pid": 7188,
    "index": 27
  },
  {
    "name": "Require(24) node_modules/egg-jsonp/app/extend/application.js",
    "start": 1576750501330,
    "end": 1576750501331,
    "duration": 1,
    "pid": 7188,
    "index": 28
  },
  {
    "name": "Require(25) node_modules/egg-logrotator/app/extend/application.js",
    "start": 1576750501333,
    "end": 1576750501335,
    "duration": 2,
    "pid": 7188,
    "index": 29
  },
  {
    "name": "Require(26) node_modules/egg-view/app/extend/application.js",
    "start": 1576750501335,
    "end": 1576750501337,
    "duration": 2,
    "pid": 7188,
    "index": 30
  },
  {
    "name": "Load extend/request.js",
    "start": 1576750501343,
    "end": 1576750501358,
    "duration": 15,
    "pid": 7188,
    "index": 31
  },
  {
    "name": "Require(27) node_modules/egg/app/extend/request.js",
    "start": 1576750501352,
    "end": 1576750501353,
    "duration": 1,
    "pid": 7188,
    "index": 32
  },
  {
    "name": "Load extend/response.js",
    "start": 1576750501358,
    "end": 1576750501370,
    "duration": 12,
    "pid": 7188,
    "index": 33
  },
  {
    "name": "Require(28) node_modules/egg/app/extend/response.js",
    "start": 1576750501362,
    "end": 1576750501365,
    "duration": 3,
    "pid": 7188,
    "index": 34
  },
  {
    "name": "Load extend/context.js",
    "start": 1576750501370,
    "end": 1576750501436,
    "duration": 66,
    "pid": 7188,
    "index": 35
  },
  {
    "name": "Require(29) node_modules/egg-security/app/extend/context.js",
    "start": 1576750501371,
    "end": 1576750501382,
    "duration": 11,
    "pid": 7188,
    "index": 36
  },
  {
    "name": "Require(30) node_modules/egg-jsonp/app/extend/context.js",
    "start": 1576750501382,
    "end": 1576750501384,
    "duration": 2,
    "pid": 7188,
    "index": 37
  },
  {
    "name": "Require(31) node_modules/egg-i18n/app/extend/context.js",
    "start": 1576750501385,
    "end": 1576750501385,
    "duration": 0,
    "pid": 7188,
    "index": 38
  },
  {
    "name": "Require(32) node_modules/egg-multipart/app/extend/context.js",
    "start": 1576750501386,
    "end": 1576750501426,
    "duration": 40,
    "pid": 7188,
    "index": 39
  },
  {
    "name": "Require(33) node_modules/egg-view/app/extend/context.js",
    "start": 1576750501428,
    "end": 1576750501429,
    "duration": 1,
    "pid": 7188,
    "index": 40
  },
  {
    "name": "Require(34) node_modules/egg-validate/app/extend/context.js",
    "start": 1576750501430,
    "end": 1576750501430,
    "duration": 0,
    "pid": 7188,
    "index": 41
  },
  {
    "name": "Require(35) node_modules/egg/app/extend/context.js",
    "start": 1576750501431,
    "end": 1576750501432,
    "duration": 1,
    "pid": 7188,
    "index": 42
  },
  {
    "name": "Load extend/helper.js",
    "start": 1576750501437,
    "end": 1576750501468,
    "duration": 31,
    "pid": 7188,
    "index": 43
  },
  {
    "name": "Require(36) node_modules/egg-security/app/extend/helper.js",
    "start": 1576750501437,
    "end": 1576750501458,
    "duration": 21,
    "pid": 7188,
    "index": 44
  },
  {
    "name": "Require(37) node_modules/egg/app/extend/helper.js",
    "start": 1576750501462,
    "end": 1576750501463,
    "duration": 1,
    "pid": 7188,
    "index": 45
  },
  {
    "name": "Load app.js",
    "start": 1576750501468,
    "end": 1576750501515,
    "duration": 47,
    "pid": 7188,
    "index": 46
  },
  {
    "name": "Require(38) node_modules/egg-session/app.js",
    "start": 1576750501468,
    "end": 1576750501469,
    "duration": 1,
    "pid": 7188,
    "index": 47
  },
  {
    "name": "Require(39) node_modules/egg-security/app.js",
    "start": 1576750501469,
    "end": 1576750501471,
    "duration": 2,
    "pid": 7188,
    "index": 48
  },
  {
    "name": "Require(40) node_modules/egg-onerror/app.js",
    "start": 1576750501471,
    "end": 1576750501481,
    "duration": 10,
    "pid": 7188,
    "index": 49
  },
  {
    "name": "Require(41) node_modules/egg-i18n/app.js",
    "start": 1576750501481,
    "end": 1576750501498,
    "duration": 17,
    "pid": 7188,
    "index": 50
  },
  {
    "name": "Require(42) node_modules/egg-watcher/app.js",
    "start": 1576750501499,
    "end": 1576750501502,
    "duration": 3,
    "pid": 7188,
    "index": 51
  },
  {
    "name": "Require(43) node_modules/egg-schedule/app.js",
    "start": 1576750501502,
    "end": 1576750501504,
    "duration": 2,
    "pid": 7188,
    "index": 52
  },
  {
    "name": "Require(44) node_modules/egg-multipart/app.js",
    "start": 1576750501504,
    "end": 1576750501507,
    "duration": 3,
    "pid": 7188,
    "index": 53
  },
  {
    "name": "Require(45) node_modules/egg-development/app.js",
    "start": 1576750501508,
    "end": 1576750501508,
    "duration": 0,
    "pid": 7188,
    "index": 54
  },
  {
    "name": "Require(46) node_modules/egg-logrotator/app.js",
    "start": 1576750501509,
    "end": 1576750501509,
    "duration": 0,
    "pid": 7188,
    "index": 55
  },
  {
    "name": "Require(47) node_modules/egg-static/app.js",
    "start": 1576750501509,
    "end": 1576750501509,
    "duration": 0,
    "pid": 7188,
    "index": 56
  },
  {
    "name": "Require(48) node_modules/egg-cors/app.js",
    "start": 1576750501510,
    "end": 1576750501511,
    "duration": 1,
    "pid": 7188,
    "index": 57
  },
  {
    "name": "Require(49) node_modules/egg-validate/app.js",
    "start": 1576750501511,
    "end": 1576750501513,
    "duration": 2,
    "pid": 7188,
    "index": 58
  },
  {
    "name": "Require(50) node_modules/egg-sequelize/app.js",
    "start": 1576750501514,
    "end": 1576750501514,
    "duration": 0,
    "pid": 7188,
    "index": 59
  },
  {
    "name": "Before Start in node_modules/egg-watcher/lib/init.js:15:14",
    "start": 1576750501534,
    "end": 1576750502190,
    "duration": 656,
    "pid": 7188,
    "index": 60
  },
  {
    "name": "Load \"Symbol(model)\" to Application",
    "start": 1576750501960,
    "end": 1576750501982,
    "duration": 22,
    "pid": 7188,
    "index": 61
  },
  {
    "name": "Before Start in node_modules/egg-sequelize/lib/loader.js:39:7",
    "start": 1576750501985,
    "end": 1576750502241,
    "duration": 256,
    "pid": 7188,
    "index": 62
  },
  {
    "name": "Load Service",
    "start": 1576750501985,
    "end": 1576750501998,
    "duration": 13,
    "pid": 7188,
    "index": 63
  },
  {
    "name": "Load \"service\" to Context",
    "start": 1576750501985,
    "end": 1576750501998,
    "duration": 13,
    "pid": 7188,
    "index": 64
  },
  {
    "name": "Load Middleware",
    "start": 1576750501998,
    "end": 1576750502128,
    "duration": 130,
    "pid": 7188,
    "index": 65
  },
  {
    "name": "Load \"middlewares\" to Application",
    "start": 1576750501998,
    "end": 1576750502117,
    "duration": 119,
    "pid": 7188,
    "index": 66
  },
  {
    "name": "Load Controller",
    "start": 1576750502128,
    "end": 1576750502138,
    "duration": 10,
    "pid": 7188,
    "index": 67
  },
  {
    "name": "Load \"controller\" to Application",
    "start": 1576750502128,
    "end": 1576750502138,
    "duration": 10,
    "pid": 7188,
    "index": 68
  },
  {
    "name": "Load Router",
    "start": 1576750502138,
    "end": 1576750502143,
    "duration": 5,
    "pid": 7188,
    "index": 69
  },
  {
    "name": "Require(51) app/router.js",
    "start": 1576750502138,
    "end": 1576750502138,
    "duration": 0,
    "pid": 7188,
    "index": 70
  },
  {
    "name": "Before Start in node_modules/egg-core/lib/egg.js:303:10",
    "start": 1576750502140,
    "end": 1576750502165,
    "duration": 25,
    "pid": 7188,
    "index": 71
  }
]