[
  {
    "name": "Application Start",
    "start": 1576751051434,
    "end": 1576751052458,
    "duration": 1024,
    "pid": 18768,
    "index": 0
  },
  {
    "name": "Load Plugin",
    "start": 1576751051440,
    "end": 1576751051466,
    "duration": 26,
    "pid": 18768,
    "index": 1
  },
  {
    "name": "Load Config",
    "start": 1576751051466,
    "end": 1576751051493,
    "duration": 27,
    "pid": 18768,
    "index": 2
  },
  {
    "name": "Require(0) config/config.default.js",
    "start": 1576751051468,
    "end": 1576751051468,
    "duration": 0,
    "pid": 18768,
    "index": 3
  },
  {
    "name": "Require(1) node_modules/egg-session/config/config.default.js",
    "start": 1576751051470,
    "end": 1576751051471,
    "duration": 1,
    "pid": 18768,
    "index": 4
  },
  {
    "name": "Require(2) node_modules/egg-security/config/config.default.js",
    "start": 1576751051471,
    "end": 1576751051472,
    "duration": 1,
    "pid": 18768,
    "index": 5
  },
  {
    "name": "Require(3) node_modules/egg-jsonp/config/config.default.js",
    "start": 1576751051473,
    "end": 1576751051473,
    "duration": 0,
    "pid": 18768,
    "index": 6
  },
  {
    "name": "Require(4) node_modules/egg-onerror/config/config.default.js",
    "start": 1576751051474,
    "end": 1576751051474,
    "duration": 0,
    "pid": 18768,
    "index": 7
  },
  {
    "name": "Require(5) node_modules/egg-i18n/config/config.default.js",
    "start": 1576751051474,
    "end": 1576751051475,
    "duration": 1,
    "pid": 18768,
    "index": 8
  },
  {
    "name": "Require(6) node_modules/egg-watcher/config/config.default.js",
    "start": 1576751051476,
    "end": 1576751051476,
    "duration": 0,
    "pid": 18768,
    "index": 9
  },
  {
    "name": "Require(7) node_modules/egg-schedule/config/config.default.js",
    "start": 1576751051476,
    "end": 1576751051477,
    "duration": 1,
    "pid": 18768,
    "index": 10
  },
  {
    "name": "Require(8) node_modules/egg-multipart/config/config.default.js",
    "start": 1576751051477,
    "end": 1576751051478,
    "duration": 1,
    "pid": 18768,
    "index": 11
  },
  {
    "name": "Require(9) node_modules/egg-development/config/config.default.js",
    "start": 1576751051478,
    "end": 1576751051479,
    "duration": 1,
    "pid": 18768,
    "index": 12
  },
  {
    "name": "Require(10) node_modules/egg-logrotator/config/config.default.js",
    "start": 1576751051479,
    "end": 1576751051479,
    "duration": 0,
    "pid": 18768,
    "index": 13
  },
  {
    "name": "Require(11) node_modules/egg-static/config/config.default.js",
    "start": 1576751051480,
    "end": 1576751051480,
    "duration": 0,
    "pid": 18768,
    "index": 14
  },
  {
    "name": "Require(12) node_modules/egg-view/config/config.default.js",
    "start": 1576751051481,
    "end": 1576751051481,
    "duration": 0,
    "pid": 18768,
    "index": 15
  },
  {
    "name": "Require(13) node_modules/egg-cors/config/config.default.js",
    "start": 1576751051482,
    "end": 1576751051482,
    "duration": 0,
    "pid": 18768,
    "index": 16
  },
  {
    "name": "Require(14) node_modules/egg-validate/config/config.default.js",
    "start": 1576751051483,
    "end": 1576751051483,
    "duration": 0,
    "pid": 18768,
    "index": 17
  },
  {
    "name": "Require(15) node_modules/egg-sequelize/config/config.default.js",
    "start": 1576751051484,
    "end": 1576751051484,
    "duration": 0,
    "pid": 18768,
    "index": 18
  },
  {
    "name": "Require(16) node_modules/egg/config/config.default.js",
    "start": 1576751051485,
    "end": 1576751051485,
    "duration": 0,
    "pid": 18768,
    "index": 19
  },
  {
    "name": "Require(17) config/config.default.js",
    "start": 1576751051486,
    "end": 1576751051487,
    "duration": 1,
    "pid": 18768,
    "index": 20
  },
  {
    "name": "Require(18) node_modules/egg-security/config/config.local.js",
    "start": 1576751051487,
    "end": 1576751051488,
    "duration": 1,
    "pid": 18768,
    "index": 21
  },
  {
    "name": "Require(19) node_modules/egg-watcher/config/config.local.js",
    "start": 1576751051489,
    "end": 1576751051489,
    "duration": 0,
    "pid": 18768,
    "index": 22
  },
  {
    "name": "Require(20) node_modules/egg-view/config/config.local.js",
    "start": 1576751051491,
    "end": 1576751051491,
    "duration": 0,
    "pid": 18768,
    "index": 23
  },
  {
    "name": "Require(21) node_modules/egg/config/config.local.js",
    "start": 1576751051492,
    "end": 1576751051492,
    "duration": 0,
    "pid": 18768,
    "index": 24
  },
  {
    "name": "Load extend/application.js",
    "start": 1576751051494,
    "end": 1576751051514,
    "duration": 20,
    "pid": 18768,
    "index": 25
  },
  {
    "name": "Require(22) node_modules/egg-session/app/extend/application.js",
    "start": 1576751051495,
    "end": 1576751051495,
    "duration": 0,
    "pid": 18768,
    "index": 26
  },
  {
    "name": "Require(23) node_modules/egg-security/app/extend/application.js",
    "start": 1576751051496,
    "end": 1576751051497,
    "duration": 1,
    "pid": 18768,
    "index": 27
  },
  {
    "name": "Require(24) node_modules/egg-jsonp/app/extend/application.js",
    "start": 1576751051498,
    "end": 1576751051499,
    "duration": 1,
    "pid": 18768,
    "index": 28
  },
  {
    "name": "Require(25) node_modules/egg-logrotator/app/extend/application.js",
    "start": 1576751051502,
    "end": 1576751051503,
    "duration": 1,
    "pid": 18768,
    "index": 29
  },
  {
    "name": "Require(26) node_modules/egg-view/app/extend/application.js",
    "start": 1576751051504,
    "end": 1576751051505,
    "duration": 1,
    "pid": 18768,
    "index": 30
  },
  {
    "name": "Load extend/request.js",
    "start": 1576751051514,
    "end": 1576751051524,
    "duration": 10,
    "pid": 18768,
    "index": 31
  },
  {
    "name": "Require(27) node_modules/egg/app/extend/request.js",
    "start": 1576751051519,
    "end": 1576751051520,
    "duration": 1,
    "pid": 18768,
    "index": 32
  },
  {
    "name": "Load extend/response.js",
    "start": 1576751051525,
    "end": 1576751051536,
    "duration": 11,
    "pid": 18768,
    "index": 33
  },
  {
    "name": "Require(28) node_modules/egg/app/extend/response.js",
    "start": 1576751051529,
    "end": 1576751051530,
    "duration": 1,
    "pid": 18768,
    "index": 34
  },
  {
    "name": "Load extend/context.js",
    "start": 1576751051536,
    "end": 1576751051611,
    "duration": 75,
    "pid": 18768,
    "index": 35
  },
  {
    "name": "Require(29) node_modules/egg-security/app/extend/context.js",
    "start": 1576751051537,
    "end": 1576751051550,
    "duration": 13,
    "pid": 18768,
    "index": 36
  },
  {
    "name": "Require(30) node_modules/egg-jsonp/app/extend/context.js",
    "start": 1576751051551,
    "end": 1576751051553,
    "duration": 2,
    "pid": 18768,
    "index": 37
  },
  {
    "name": "Require(31) node_modules/egg-i18n/app/extend/context.js",
    "start": 1576751051554,
    "end": 1576751051555,
    "duration": 1,
    "pid": 18768,
    "index": 38
  },
  {
    "name": "Require(32) node_modules/egg-multipart/app/extend/context.js",
    "start": 1576751051556,
    "end": 1576751051599,
    "duration": 43,
    "pid": 18768,
    "index": 39
  },
  {
    "name": "Require(33) node_modules/egg-view/app/extend/context.js",
    "start": 1576751051601,
    "end": 1576751051602,
    "duration": 1,
    "pid": 18768,
    "index": 40
  },
  {
    "name": "Require(34) node_modules/egg-validate/app/extend/context.js",
    "start": 1576751051603,
    "end": 1576751051604,
    "duration": 1,
    "pid": 18768,
    "index": 41
  },
  {
    "name": "Require(35) node_modules/egg/app/extend/context.js",
    "start": 1576751051605,
    "end": 1576751051606,
    "duration": 1,
    "pid": 18768,
    "index": 42
  },
  {
    "name": "Load extend/helper.js",
    "start": 1576751051611,
    "end": 1576751051642,
    "duration": 31,
    "pid": 18768,
    "index": 43
  },
  {
    "name": "Require(36) node_modules/egg-security/app/extend/helper.js",
    "start": 1576751051612,
    "end": 1576751051634,
    "duration": 22,
    "pid": 18768,
    "index": 44
  },
  {
    "name": "Require(37) node_modules/egg/app/extend/helper.js",
    "start": 1576751051637,
    "end": 1576751051638,
    "duration": 1,
    "pid": 18768,
    "index": 45
  },
  {
    "name": "Load app.js",
    "start": 1576751051643,
    "end": 1576751051693,
    "duration": 50,
    "pid": 18768,
    "index": 46
  },
  {
    "name": "Require(38) node_modules/egg-session/app.js",
    "start": 1576751051643,
    "end": 1576751051643,
    "duration": 0,
    "pid": 18768,
    "index": 47
  },
  {
    "name": "Require(39) node_modules/egg-security/app.js",
    "start": 1576751051644,
    "end": 1576751051646,
    "duration": 2,
    "pid": 18768,
    "index": 48
  },
  {
    "name": "Require(40) node_modules/egg-onerror/app.js",
    "start": 1576751051647,
    "end": 1576751051656,
    "duration": 9,
    "pid": 18768,
    "index": 49
  },
  {
    "name": "Require(41) node_modules/egg-i18n/app.js",
    "start": 1576751051656,
    "end": 1576751051675,
    "duration": 19,
    "pid": 18768,
    "index": 50
  },
  {
    "name": "Require(42) node_modules/egg-watcher/app.js",
    "start": 1576751051676,
    "end": 1576751051679,
    "duration": 3,
    "pid": 18768,
    "index": 51
  },
  {
    "name": "Require(43) node_modules/egg-schedule/app.js",
    "start": 1576751051680,
    "end": 1576751051681,
    "duration": 1,
    "pid": 18768,
    "index": 52
  },
  {
    "name": "Require(44) node_modules/egg-multipart/app.js",
    "start": 1576751051682,
    "end": 1576751051685,
    "duration": 3,
    "pid": 18768,
    "index": 53
  },
  {
    "name": "Require(45) node_modules/egg-development/app.js",
    "start": 1576751051685,
    "end": 1576751051686,
    "duration": 1,
    "pid": 18768,
    "index": 54
  },
  {
    "name": "Require(46) node_modules/egg-logrotator/app.js",
    "start": 1576751051686,
    "end": 1576751051686,
    "duration": 0,
    "pid": 18768,
    "index": 55
  },
  {
    "name": "Require(47) node_modules/egg-static/app.js",
    "start": 1576751051687,
    "end": 1576751051687,
    "duration": 0,
    "pid": 18768,
    "index": 56
  },
  {
    "name": "Require(48) node_modules/egg-cors/app.js",
    "start": 1576751051688,
    "end": 1576751051688,
    "duration": 0,
    "pid": 18768,
    "index": 57
  },
  {
    "name": "Require(49) node_modules/egg-validate/app.js",
    "start": 1576751051689,
    "end": 1576751051690,
    "duration": 1,
    "pid": 18768,
    "index": 58
  },
  {
    "name": "Require(50) node_modules/egg-sequelize/app.js",
    "start": 1576751051691,
    "end": 1576751051691,
    "duration": 0,
    "pid": 18768,
    "index": 59
  },
  {
    "name": "Before Start in node_modules/egg-watcher/lib/init.js:15:14",
    "start": 1576751051722,
    "end": 1576751052381,
    "duration": 659,
    "pid": 18768,
    "index": 60
  },
  {
    "name": "Load \"Symbol(model)\" to Application",
    "start": 1576751052149,
    "end": 1576751052171,
    "duration": 22,
    "pid": 18768,
    "index": 61
  },
  {
    "name": "Before Start in node_modules/egg-sequelize/lib/loader.js:39:7",
    "start": 1576751052174,
    "end": 1576751052457,
    "duration": 283,
    "pid": 18768,
    "index": 62
  },
  {
    "name": "Load Service",
    "start": 1576751052174,
    "end": 1576751052186,
    "duration": 12,
    "pid": 18768,
    "index": 63
  },
  {
    "name": "Load \"service\" to Context",
    "start": 1576751052175,
    "end": 1576751052186,
    "duration": 11,
    "pid": 18768,
    "index": 64
  },
  {
    "name": "Load Middleware",
    "start": 1576751052186,
    "end": 1576751052311,
    "duration": 125,
    "pid": 18768,
    "index": 65
  },
  {
    "name": "Load \"middlewares\" to Application",
    "start": 1576751052186,
    "end": 1576751052300,
    "duration": 114,
    "pid": 18768,
    "index": 66
  },
  {
    "name": "Load Controller",
    "start": 1576751052311,
    "end": 1576751052319,
    "duration": 8,
    "pid": 18768,
    "index": 67
  },
  {
    "name": "Load \"controller\" to Application",
    "start": 1576751052312,
    "end": 1576751052319,
    "duration": 7,
    "pid": 18768,
    "index": 68
  },
  {
    "name": "Load Router",
    "start": 1576751052319,
    "end": 1576751052324,
    "duration": 5,
    "pid": 18768,
    "index": 69
  },
  {
    "name": "Require(51) app/router.js",
    "start": 1576751052320,
    "end": 1576751052320,
    "duration": 0,
    "pid": 18768,
    "index": 70
  },
  {
    "name": "Before Start in node_modules/egg-core/lib/egg.js:303:10",
    "start": 1576751052321,
    "end": 1576751052347,
    "duration": 26,
    "pid": 18768,
    "index": 71
  }
]