[
  {
    "name": "Application Start",
    "start": 1576750993197,
    "end": 1576750994353,
    "duration": 1156,
    "pid": 21368,
    "index": 0
  },
  {
    "name": "Load Plugin",
    "start": 1576750993204,
    "end": 1576750993232,
    "duration": 28,
    "pid": 21368,
    "index": 1
  },
  {
    "name": "Load Config",
    "start": 1576750993232,
    "end": 1576750993259,
    "duration": 27,
    "pid": 21368,
    "index": 2
  },
  {
    "name": "Require(0) config/config.default.js",
    "start": 1576750993233,
    "end": 1576750993233,
    "duration": 0,
    "pid": 21368,
    "index": 3
  },
  {
    "name": "Require(1) node_modules/egg-session/config/config.default.js",
    "start": 1576750993235,
    "end": 1576750993236,
    "duration": 1,
    "pid": 21368,
    "index": 4
  },
  {
    "name": "Require(2) node_modules/egg-security/config/config.default.js",
    "start": 1576750993237,
    "end": 1576750993237,
    "duration": 0,
    "pid": 21368,
    "index": 5
  },
  {
    "name": "Require(3) node_modules/egg-jsonp/config/config.default.js",
    "start": 1576750993238,
    "end": 1576750993238,
    "duration": 0,
    "pid": 21368,
    "index": 6
  },
  {
    "name": "Require(4) node_modules/egg-onerror/config/config.default.js",
    "start": 1576750993239,
    "end": 1576750993239,
    "duration": 0,
    "pid": 21368,
    "index": 7
  },
  {
    "name": "Require(5) node_modules/egg-i18n/config/config.default.js",
    "start": 1576750993240,
    "end": 1576750993240,
    "duration": 0,
    "pid": 21368,
    "index": 8
  },
  {
    "name": "Require(6) node_modules/egg-watcher/config/config.default.js",
    "start": 1576750993241,
    "end": 1576750993242,
    "duration": 1,
    "pid": 21368,
    "index": 9
  },
  {
    "name": "Require(7) node_modules/egg-schedule/config/config.default.js",
    "start": 1576750993242,
    "end": 1576750993243,
    "duration": 1,
    "pid": 21368,
    "index": 10
  },
  {
    "name": "Require(8) node_modules/egg-multipart/config/config.default.js",
    "start": 1576750993243,
    "end": 1576750993244,
    "duration": 1,
    "pid": 21368,
    "index": 11
  },
  {
    "name": "Require(9) node_modules/egg-development/config/config.default.js",
    "start": 1576750993244,
    "end": 1576750993245,
    "duration": 1,
    "pid": 21368,
    "index": 12
  },
  {
    "name": "Require(10) node_modules/egg-logrotator/config/config.default.js",
    "start": 1576750993245,
    "end": 1576750993246,
    "duration": 1,
    "pid": 21368,
    "index": 13
  },
  {
    "name": "Require(11) node_modules/egg-static/config/config.default.js",
    "start": 1576750993246,
    "end": 1576750993246,
    "duration": 0,
    "pid": 21368,
    "index": 14
  },
  {
    "name": "Require(12) node_modules/egg-view/config/config.default.js",
    "start": 1576750993247,
    "end": 1576750993247,
    "duration": 0,
    "pid": 21368,
    "index": 15
  },
  {
    "name": "Require(13) node_modules/egg-cors/config/config.default.js",
    "start": 1576750993248,
    "end": 1576750993249,
    "duration": 1,
    "pid": 21368,
    "index": 16
  },
  {
    "name": "Require(14) node_modules/egg-validate/config/config.default.js",
    "start": 1576750993249,
    "end": 1576750993249,
    "duration": 0,
    "pid": 21368,
    "index": 17
  },
  {
    "name": "Require(15) node_modules/egg-sequelize/config/config.default.js",
    "start": 1576750993250,
    "end": 1576750993250,
    "duration": 0,
    "pid": 21368,
    "index": 18
  },
  {
    "name": "Require(16) node_modules/egg/config/config.default.js",
    "start": 1576750993250,
    "end": 1576750993251,
    "duration": 1,
    "pid": 21368,
    "index": 19
  },
  {
    "name": "Require(17) config/config.default.js",
    "start": 1576750993252,
    "end": 1576750993252,
    "duration": 0,
    "pid": 21368,
    "index": 20
  },
  {
    "name": "Require(18) node_modules/egg-security/config/config.local.js",
    "start": 1576750993254,
    "end": 1576750993254,
    "duration": 0,
    "pid": 21368,
    "index": 21
  },
  {
    "name": "Require(19) node_modules/egg-watcher/config/config.local.js",
    "start": 1576750993255,
    "end": 1576750993256,
    "duration": 1,
    "pid": 21368,
    "index": 22
  },
  {
    "name": "Require(20) node_modules/egg-view/config/config.local.js",
    "start": 1576750993257,
    "end": 1576750993258,
    "duration": 1,
    "pid": 21368,
    "index": 23
  },
  {
    "name": "Require(21) node_modules/egg/config/config.local.js",
    "start": 1576750993259,
    "end": 1576750993259,
    "duration": 0,
    "pid": 21368,
    "index": 24
  },
  {
    "name": "Load extend/application.js",
    "start": 1576750993260,
    "end": 1576750993278,
    "duration": 18,
    "pid": 21368,
    "index": 25
  },
  {
    "name": "Require(22) node_modules/egg-session/app/extend/application.js",
    "start": 1576750993261,
    "end": 1576750993261,
    "duration": 0,
    "pid": 21368,
    "index": 26
  },
  {
    "name": "Require(23) node_modules/egg-security/app/extend/application.js",
    "start": 1576750993262,
    "end": 1576750993263,
    "duration": 1,
    "pid": 21368,
    "index": 27
  },
  {
    "name": "Require(24) node_modules/egg-jsonp/app/extend/application.js",
    "start": 1576750993264,
    "end": 1576750993266,
    "duration": 2,
    "pid": 21368,
    "index": 28
  },
  {
    "name": "Require(25) node_modules/egg-logrotator/app/extend/application.js",
    "start": 1576750993268,
    "end": 1576750993270,
    "duration": 2,
    "pid": 21368,
    "index": 29
  },
  {
    "name": "Require(26) node_modules/egg-view/app/extend/application.js",
    "start": 1576750993271,
    "end": 1576750993272,
    "duration": 1,
    "pid": 21368,
    "index": 30
  },
  {
    "name": "Load extend/request.js",
    "start": 1576750993278,
    "end": 1576750993291,
    "duration": 13,
    "pid": 21368,
    "index": 31
  },
  {
    "name": "Require(27) node_modules/egg/app/extend/request.js",
    "start": 1576750993285,
    "end": 1576750993287,
    "duration": 2,
    "pid": 21368,
    "index": 32
  },
  {
    "name": "Load extend/response.js",
    "start": 1576750993291,
    "end": 1576750993303,
    "duration": 12,
    "pid": 21368,
    "index": 33
  },
  {
    "name": "Require(28) node_modules/egg/app/extend/response.js",
    "start": 1576750993296,
    "end": 1576750993297,
    "duration": 1,
    "pid": 21368,
    "index": 34
  },
  {
    "name": "Load extend/context.js",
    "start": 1576750993303,
    "end": 1576750993384,
    "duration": 81,
    "pid": 21368,
    "index": 35
  },
  {
    "name": "Require(29) node_modules/egg-security/app/extend/context.js",
    "start": 1576750993304,
    "end": 1576750993316,
    "duration": 12,
    "pid": 21368,
    "index": 36
  },
  {
    "name": "Require(30) node_modules/egg-jsonp/app/extend/context.js",
    "start": 1576750993317,
    "end": 1576750993318,
    "duration": 1,
    "pid": 21368,
    "index": 37
  },
  {
    "name": "Require(31) node_modules/egg-i18n/app/extend/context.js",
    "start": 1576750993320,
    "end": 1576750993320,
    "duration": 0,
    "pid": 21368,
    "index": 38
  },
  {
    "name": "Require(32) node_modules/egg-multipart/app/extend/context.js",
    "start": 1576750993321,
    "end": 1576750993369,
    "duration": 48,
    "pid": 21368,
    "index": 39
  },
  {
    "name": "Require(33) node_modules/egg-view/app/extend/context.js",
    "start": 1576750993371,
    "end": 1576750993373,
    "duration": 2,
    "pid": 21368,
    "index": 40
  },
  {
    "name": "Require(34) node_modules/egg-validate/app/extend/context.js",
    "start": 1576750993374,
    "end": 1576750993374,
    "duration": 0,
    "pid": 21368,
    "index": 41
  },
  {
    "name": "Require(35) node_modules/egg/app/extend/context.js",
    "start": 1576750993375,
    "end": 1576750993376,
    "duration": 1,
    "pid": 21368,
    "index": 42
  },
  {
    "name": "Load extend/helper.js",
    "start": 1576750993384,
    "end": 1576750993418,
    "duration": 34,
    "pid": 21368,
    "index": 43
  },
  {
    "name": "Require(36) node_modules/egg-security/app/extend/helper.js",
    "start": 1576750993385,
    "end": 1576750993409,
    "duration": 24,
    "pid": 21368,
    "index": 44
  },
  {
    "name": "Require(37) node_modules/egg/app/extend/helper.js",
    "start": 1576750993412,
    "end": 1576750993413,
    "duration": 1,
    "pid": 21368,
    "index": 45
  },
  {
    "name": "Load app.js",
    "start": 1576750993418,
    "end": 1576750993467,
    "duration": 49,
    "pid": 21368,
    "index": 46
  },
  {
    "name": "Require(38) node_modules/egg-session/app.js",
    "start": 1576750993419,
    "end": 1576750993419,
    "duration": 0,
    "pid": 21368,
    "index": 47
  },
  {
    "name": "Require(39) node_modules/egg-security/app.js",
    "start": 1576750993419,
    "end": 1576750993421,
    "duration": 2,
    "pid": 21368,
    "index": 48
  },
  {
    "name": "Require(40) node_modules/egg-onerror/app.js",
    "start": 1576750993422,
    "end": 1576750993431,
    "duration": 9,
    "pid": 21368,
    "index": 49
  },
  {
    "name": "Require(41) node_modules/egg-i18n/app.js",
    "start": 1576750993432,
    "end": 1576750993450,
    "duration": 18,
    "pid": 21368,
    "index": 50
  },
  {
    "name": "Require(42) node_modules/egg-watcher/app.js",
    "start": 1576750993450,
    "end": 1576750993454,
    "duration": 4,
    "pid": 21368,
    "index": 51
  },
  {
    "name": "Require(43) node_modules/egg-schedule/app.js",
    "start": 1576750993455,
    "end": 1576750993456,
    "duration": 1,
    "pid": 21368,
    "index": 52
  },
  {
    "name": "Require(44) node_modules/egg-multipart/app.js",
    "start": 1576750993457,
    "end": 1576750993459,
    "duration": 2,
    "pid": 21368,
    "index": 53
  },
  {
    "name": "Require(45) node_modules/egg-development/app.js",
    "start": 1576750993460,
    "end": 1576750993460,
    "duration": 0,
    "pid": 21368,
    "index": 54
  },
  {
    "name": "Require(46) node_modules/egg-logrotator/app.js",
    "start": 1576750993460,
    "end": 1576750993461,
    "duration": 1,
    "pid": 21368,
    "index": 55
  },
  {
    "name": "Require(47) node_modules/egg-static/app.js",
    "start": 1576750993461,
    "end": 1576750993461,
    "duration": 0,
    "pid": 21368,
    "index": 56
  },
  {
    "name": "Require(48) node_modules/egg-cors/app.js",
    "start": 1576750993462,
    "end": 1576750993462,
    "duration": 0,
    "pid": 21368,
    "index": 57
  },
  {
    "name": "Require(49) node_modules/egg-validate/app.js",
    "start": 1576750993463,
    "end": 1576750993465,
    "duration": 2,
    "pid": 21368,
    "index": 58
  },
  {
    "name": "Require(50) node_modules/egg-sequelize/app.js",
    "start": 1576750993465,
    "end": 1576750993466,
    "duration": 1,
    "pid": 21368,
    "index": 59
  },
  {
    "name": "Before Start in node_modules/egg-watcher/lib/init.js:15:14",
    "start": 1576750993485,
    "end": 1576750994302,
    "duration": 817,
    "pid": 21368,
    "index": 60
  },
  {
    "name": "Load \"Symbol(model)\" to Application",
    "start": 1576750993971,
    "end": 1576750994006,
    "duration": 35,
    "pid": 21368,
    "index": 61
  },
  {
    "name": "Before Start in node_modules/egg-sequelize/lib/loader.js:39:7",
    "start": 1576750994012,
    "end": 1576750994352,
    "duration": 340,
    "pid": 21368,
    "index": 62
  },
  {
    "name": "Load Service",
    "start": 1576750994013,
    "end": 1576750994036,
    "duration": 23,
    "pid": 21368,
    "index": 63
  },
  {
    "name": "Load \"service\" to Context",
    "start": 1576750994013,
    "end": 1576750994036,
    "duration": 23,
    "pid": 21368,
    "index": 64
  },
  {
    "name": "Load Middleware",
    "start": 1576750994037,
    "end": 1576750994227,
    "duration": 190,
    "pid": 21368,
    "index": 65
  },
  {
    "name": "Load \"middlewares\" to Application",
    "start": 1576750994037,
    "end": 1576750994196,
    "duration": 159,
    "pid": 21368,
    "index": 66
  },
  {
    "name": "Load Controller",
    "start": 1576750994227,
    "end": 1576750994238,
    "duration": 11,
    "pid": 21368,
    "index": 67
  },
  {
    "name": "Load \"controller\" to Application",
    "start": 1576750994227,
    "end": 1576750994238,
    "duration": 11,
    "pid": 21368,
    "index": 68
  },
  {
    "name": "Load Router",
    "start": 1576750994238,
    "end": 1576750994249,
    "duration": 11,
    "pid": 21368,
    "index": 69
  },
  {
    "name": "Require(51) app/router.js",
    "start": 1576750994239,
    "end": 1576750994240,
    "duration": 1,
    "pid": 21368,
    "index": 70
  },
  {
    "name": "Before Start in node_modules/egg-core/lib/egg.js:303:10",
    "start": 1576750994242,
    "end": 1576750994278,
    "duration": 36,
    "pid": 21368,
    "index": 71
  }
]