[
  {
    "name": "Application Start",
    "start": 1576750744379,
    "end": 1576750745490,
    "duration": 1111,
    "pid": 8304,
    "index": 0
  },
  {
    "name": "Load Plugin",
    "start": 1576750744386,
    "end": 1576750744414,
    "duration": 28,
    "pid": 8304,
    "index": 1
  },
  {
    "name": "Load Config",
    "start": 1576750744414,
    "end": 1576750744447,
    "duration": 33,
    "pid": 8304,
    "index": 2
  },
  {
    "name": "Require(0) config/config.default.js",
    "start": 1576750744415,
    "end": 1576750744415,
    "duration": 0,
    "pid": 8304,
    "index": 3
  },
  {
    "name": "Require(1) node_modules/egg-session/config/config.default.js",
    "start": 1576750744422,
    "end": 1576750744422,
    "duration": 0,
    "pid": 8304,
    "index": 4
  },
  {
    "name": "Require(2) node_modules/egg-security/config/config.default.js",
    "start": 1576750744423,
    "end": 1576750744423,
    "duration": 0,
    "pid": 8304,
    "index": 5
  },
  {
    "name": "Require(3) node_modules/egg-jsonp/config/config.default.js",
    "start": 1576750744424,
    "end": 1576750744424,
    "duration": 0,
    "pid": 8304,
    "index": 6
  },
  {
    "name": "Require(4) node_modules/egg-onerror/config/config.default.js",
    "start": 1576750744425,
    "end": 1576750744425,
    "duration": 0,
    "pid": 8304,
    "index": 7
  },
  {
    "name": "Require(5) node_modules/egg-i18n/config/config.default.js",
    "start": 1576750744426,
    "end": 1576750744427,
    "duration": 1,
    "pid": 8304,
    "index": 8
  },
  {
    "name": "Require(6) node_modules/egg-watcher/config/config.default.js",
    "start": 1576750744428,
    "end": 1576750744429,
    "duration": 1,
    "pid": 8304,
    "index": 9
  },
  {
    "name": "Require(7) node_modules/egg-schedule/config/config.default.js",
    "start": 1576750744430,
    "end": 1576750744430,
    "duration": 0,
    "pid": 8304,
    "index": 10
  },
  {
    "name": "Require(8) node_modules/egg-multipart/config/config.default.js",
    "start": 1576750744431,
    "end": 1576750744431,
    "duration": 0,
    "pid": 8304,
    "index": 11
  },
  {
    "name": "Require(9) node_modules/egg-development/config/config.default.js",
    "start": 1576750744432,
    "end": 1576750744432,
    "duration": 0,
    "pid": 8304,
    "index": 12
  },
  {
    "name": "Require(10) node_modules/egg-logrotator/config/config.default.js",
    "start": 1576750744433,
    "end": 1576750744434,
    "duration": 1,
    "pid": 8304,
    "index": 13
  },
  {
    "name": "Require(11) node_modules/egg-static/config/config.default.js",
    "start": 1576750744434,
    "end": 1576750744435,
    "duration": 1,
    "pid": 8304,
    "index": 14
  },
  {
    "name": "Require(12) node_modules/egg-view/config/config.default.js",
    "start": 1576750744435,
    "end": 1576750744436,
    "duration": 1,
    "pid": 8304,
    "index": 15
  },
  {
    "name": "Require(13) node_modules/egg-cors/config/config.default.js",
    "start": 1576750744436,
    "end": 1576750744436,
    "duration": 0,
    "pid": 8304,
    "index": 16
  },
  {
    "name": "Require(14) node_modules/egg-validate/config/config.default.js",
    "start": 1576750744437,
    "end": 1576750744438,
    "duration": 1,
    "pid": 8304,
    "index": 17
  },
  {
    "name": "Require(15) node_modules/egg-sequelize/config/config.default.js",
    "start": 1576750744438,
    "end": 1576750744438,
    "duration": 0,
    "pid": 8304,
    "index": 18
  },
  {
    "name": "Require(16) node_modules/egg/config/config.default.js",
    "start": 1576750744439,
    "end": 1576750744439,
    "duration": 0,
    "pid": 8304,
    "index": 19
  },
  {
    "name": "Require(17) config/config.default.js",
    "start": 1576750744441,
    "end": 1576750744441,
    "duration": 0,
    "pid": 8304,
    "index": 20
  },
  {
    "name": "Require(18) node_modules/egg-security/config/config.local.js",
    "start": 1576750744442,
    "end": 1576750744442,
    "duration": 0,
    "pid": 8304,
    "index": 21
  },
  {
    "name": "Require(19) node_modules/egg-watcher/config/config.local.js",
    "start": 1576750744443,
    "end": 1576750744443,
    "duration": 0,
    "pid": 8304,
    "index": 22
  },
  {
    "name": "Require(20) node_modules/egg-view/config/config.local.js",
    "start": 1576750744445,
    "end": 1576750744445,
    "duration": 0,
    "pid": 8304,
    "index": 23
  },
  {
    "name": "Require(21) node_modules/egg/config/config.local.js",
    "start": 1576750744447,
    "end": 1576750744447,
    "duration": 0,
    "pid": 8304,
    "index": 24
  },
  {
    "name": "Load extend/application.js",
    "start": 1576750744449,
    "end": 1576750744470,
    "duration": 21,
    "pid": 8304,
    "index": 25
  },
  {
    "name": "Require(22) node_modules/egg-session/app/extend/application.js",
    "start": 1576750744449,
    "end": 1576750744450,
    "duration": 1,
    "pid": 8304,
    "index": 26
  },
  {
    "name": "Require(23) node_modules/egg-security/app/extend/application.js",
    "start": 1576750744451,
    "end": 1576750744452,
    "duration": 1,
    "pid": 8304,
    "index": 27
  },
  {
    "name": "Require(24) node_modules/egg-jsonp/app/extend/application.js",
    "start": 1576750744453,
    "end": 1576750744454,
    "duration": 1,
    "pid": 8304,
    "index": 28
  },
  {
    "name": "Require(25) node_modules/egg-logrotator/app/extend/application.js",
    "start": 1576750744456,
    "end": 1576750744457,
    "duration": 1,
    "pid": 8304,
    "index": 29
  },
  {
    "name": "Require(26) node_modules/egg-view/app/extend/application.js",
    "start": 1576750744458,
    "end": 1576750744460,
    "duration": 2,
    "pid": 8304,
    "index": 30
  },
  {
    "name": "Load extend/request.js",
    "start": 1576750744471,
    "end": 1576750744482,
    "duration": 11,
    "pid": 8304,
    "index": 31
  },
  {
    "name": "Require(27) node_modules/egg/app/extend/request.js",
    "start": 1576750744475,
    "end": 1576750744476,
    "duration": 1,
    "pid": 8304,
    "index": 32
  },
  {
    "name": "Load extend/response.js",
    "start": 1576750744482,
    "end": 1576750744495,
    "duration": 13,
    "pid": 8304,
    "index": 33
  },
  {
    "name": "Require(28) node_modules/egg/app/extend/response.js",
    "start": 1576750744486,
    "end": 1576750744488,
    "duration": 2,
    "pid": 8304,
    "index": 34
  },
  {
    "name": "Load extend/context.js",
    "start": 1576750744495,
    "end": 1576750744574,
    "duration": 79,
    "pid": 8304,
    "index": 35
  },
  {
    "name": "Require(29) node_modules/egg-security/app/extend/context.js",
    "start": 1576750744496,
    "end": 1576750744509,
    "duration": 13,
    "pid": 8304,
    "index": 36
  },
  {
    "name": "Require(30) node_modules/egg-jsonp/app/extend/context.js",
    "start": 1576750744510,
    "end": 1576750744511,
    "duration": 1,
    "pid": 8304,
    "index": 37
  },
  {
    "name": "Require(31) node_modules/egg-i18n/app/extend/context.js",
    "start": 1576750744512,
    "end": 1576750744513,
    "duration": 1,
    "pid": 8304,
    "index": 38
  },
  {
    "name": "Require(32) node_modules/egg-multipart/app/extend/context.js",
    "start": 1576750744514,
    "end": 1576750744560,
    "duration": 46,
    "pid": 8304,
    "index": 39
  },
  {
    "name": "Require(33) node_modules/egg-view/app/extend/context.js",
    "start": 1576750744562,
    "end": 1576750744563,
    "duration": 1,
    "pid": 8304,
    "index": 40
  },
  {
    "name": "Require(34) node_modules/egg-validate/app/extend/context.js",
    "start": 1576750744564,
    "end": 1576750744565,
    "duration": 1,
    "pid": 8304,
    "index": 41
  },
  {
    "name": "Require(35) node_modules/egg/app/extend/context.js",
    "start": 1576750744565,
    "end": 1576750744567,
    "duration": 2,
    "pid": 8304,
    "index": 42
  },
  {
    "name": "Load extend/helper.js",
    "start": 1576750744574,
    "end": 1576750744603,
    "duration": 29,
    "pid": 8304,
    "index": 43
  },
  {
    "name": "Require(36) node_modules/egg-security/app/extend/helper.js",
    "start": 1576750744575,
    "end": 1576750744594,
    "duration": 19,
    "pid": 8304,
    "index": 44
  },
  {
    "name": "Require(37) node_modules/egg/app/extend/helper.js",
    "start": 1576750744598,
    "end": 1576750744599,
    "duration": 1,
    "pid": 8304,
    "index": 45
  },
  {
    "name": "Load app.js",
    "start": 1576750744604,
    "end": 1576750744653,
    "duration": 49,
    "pid": 8304,
    "index": 46
  },
  {
    "name": "Require(38) node_modules/egg-session/app.js",
    "start": 1576750744604,
    "end": 1576750744605,
    "duration": 1,
    "pid": 8304,
    "index": 47
  },
  {
    "name": "Require(39) node_modules/egg-security/app.js",
    "start": 1576750744605,
    "end": 1576750744607,
    "duration": 2,
    "pid": 8304,
    "index": 48
  },
  {
    "name": "Require(40) node_modules/egg-onerror/app.js",
    "start": 1576750744607,
    "end": 1576750744617,
    "duration": 10,
    "pid": 8304,
    "index": 49
  },
  {
    "name": "Require(41) node_modules/egg-i18n/app.js",
    "start": 1576750744618,
    "end": 1576750744635,
    "duration": 17,
    "pid": 8304,
    "index": 50
  },
  {
    "name": "Require(42) node_modules/egg-watcher/app.js",
    "start": 1576750744636,
    "end": 1576750744639,
    "duration": 3,
    "pid": 8304,
    "index": 51
  },
  {
    "name": "Require(43) node_modules/egg-schedule/app.js",
    "start": 1576750744640,
    "end": 1576750744641,
    "duration": 1,
    "pid": 8304,
    "index": 52
  },
  {
    "name": "Require(44) node_modules/egg-multipart/app.js",
    "start": 1576750744642,
    "end": 1576750744644,
    "duration": 2,
    "pid": 8304,
    "index": 53
  },
  {
    "name": "Require(45) node_modules/egg-development/app.js",
    "start": 1576750744645,
    "end": 1576750744645,
    "duration": 0,
    "pid": 8304,
    "index": 54
  },
  {
    "name": "Require(46) node_modules/egg-logrotator/app.js",
    "start": 1576750744645,
    "end": 1576750744646,
    "duration": 1,
    "pid": 8304,
    "index": 55
  },
  {
    "name": "Require(47) node_modules/egg-static/app.js",
    "start": 1576750744646,
    "end": 1576750744646,
    "duration": 0,
    "pid": 8304,
    "index": 56
  },
  {
    "name": "Require(48) node_modules/egg-cors/app.js",
    "start": 1576750744647,
    "end": 1576750744648,
    "duration": 1,
    "pid": 8304,
    "index": 57
  },
  {
    "name": "Require(49) node_modules/egg-validate/app.js",
    "start": 1576750744648,
    "end": 1576750744651,
    "duration": 3,
    "pid": 8304,
    "index": 58
  },
  {
    "name": "Require(50) node_modules/egg-sequelize/app.js",
    "start": 1576750744651,
    "end": 1576750744652,
    "duration": 1,
    "pid": 8304,
    "index": 59
  },
  {
    "name": "Before Start in node_modules/egg-watcher/lib/init.js:15:14",
    "start": 1576750744671,
    "end": 1576750745435,
    "duration": 764,
    "pid": 8304,
    "index": 60
  },
  {
    "name": "Load \"Symbol(model)\" to Application",
    "start": 1576750745211,
    "end": 1576750745230,
    "duration": 19,
    "pid": 8304,
    "index": 61
  },
  {
    "name": "Before Start in node_modules/egg-sequelize/lib/loader.js:39:7",
    "start": 1576750745233,
    "end": 1576750745489,
    "duration": 256,
    "pid": 8304,
    "index": 62
  },
  {
    "name": "Load Service",
    "start": 1576750745234,
    "end": 1576750745245,
    "duration": 11,
    "pid": 8304,
    "index": 63
  },
  {
    "name": "Load \"service\" to Context",
    "start": 1576750745234,
    "end": 1576750745245,
    "duration": 11,
    "pid": 8304,
    "index": 64
  },
  {
    "name": "Load Middleware",
    "start": 1576750745245,
    "end": 1576750745373,
    "duration": 128,
    "pid": 8304,
    "index": 65
  },
  {
    "name": "Load \"middlewares\" to Application",
    "start": 1576750745245,
    "end": 1576750745360,
    "duration": 115,
    "pid": 8304,
    "index": 66
  },
  {
    "name": "Load Controller",
    "start": 1576750745373,
    "end": 1576750745381,
    "duration": 8,
    "pid": 8304,
    "index": 67
  },
  {
    "name": "Load \"controller\" to Application",
    "start": 1576750745373,
    "end": 1576750745381,
    "duration": 8,
    "pid": 8304,
    "index": 68
  },
  {
    "name": "Load Router",
    "start": 1576750745381,
    "end": 1576750745385,
    "duration": 4,
    "pid": 8304,
    "index": 69
  },
  {
    "name": "Require(51) app/router.js",
    "start": 1576750745381,
    "end": 1576750745381,
    "duration": 0,
    "pid": 8304,
    "index": 70
  },
  {
    "name": "Before Start in node_modules/egg-core/lib/egg.js:303:10",
    "start": 1576750745383,
    "end": 1576750745410,
    "duration": 27,
    "pid": 8304,
    "index": 71
  }
]