[
  {
    "name": "Application Start",
    "start": 1576750558868,
    "end": 1576750559927,
    "duration": 1059,
    "pid": 22140,
    "index": 0
  },
  {
    "name": "Load Plugin",
    "start": 1576750558875,
    "end": 1576750558903,
    "duration": 28,
    "pid": 22140,
    "index": 1
  },
  {
    "name": "Load Config",
    "start": 1576750558903,
    "end": 1576750558934,
    "duration": 31,
    "pid": 22140,
    "index": 2
  },
  {
    "name": "Require(0) config/config.default.js",
    "start": 1576750558904,
    "end": 1576750558904,
    "duration": 0,
    "pid": 22140,
    "index": 3
  },
  {
    "name": "Require(1) node_modules/egg-session/config/config.default.js",
    "start": 1576750558906,
    "end": 1576750558906,
    "duration": 0,
    "pid": 22140,
    "index": 4
  },
  {
    "name": "Require(2) node_modules/egg-security/config/config.default.js",
    "start": 1576750558907,
    "end": 1576750558908,
    "duration": 1,
    "pid": 22140,
    "index": 5
  },
  {
    "name": "Require(3) node_modules/egg-jsonp/config/config.default.js",
    "start": 1576750558909,
    "end": 1576750558909,
    "duration": 0,
    "pid": 22140,
    "index": 6
  },
  {
    "name": "Require(4) node_modules/egg-onerror/config/config.default.js",
    "start": 1576750558910,
    "end": 1576750558911,
    "duration": 1,
    "pid": 22140,
    "index": 7
  },
  {
    "name": "Require(5) node_modules/egg-i18n/config/config.default.js",
    "start": 1576750558911,
    "end": 1576750558912,
    "duration": 1,
    "pid": 22140,
    "index": 8
  },
  {
    "name": "Require(6) node_modules/egg-watcher/config/config.default.js",
    "start": 1576750558913,
    "end": 1576750558914,
    "duration": 1,
    "pid": 22140,
    "index": 9
  },
  {
    "name": "Require(7) node_modules/egg-schedule/config/config.default.js",
    "start": 1576750558914,
    "end": 1576750558914,
    "duration": 0,
    "pid": 22140,
    "index": 10
  },
  {
    "name": "Require(8) node_modules/egg-multipart/config/config.default.js",
    "start": 1576750558915,
    "end": 1576750558915,
    "duration": 0,
    "pid": 22140,
    "index": 11
  },
  {
    "name": "Require(9) node_modules/egg-development/config/config.default.js",
    "start": 1576750558916,
    "end": 1576750558916,
    "duration": 0,
    "pid": 22140,
    "index": 12
  },
  {
    "name": "Require(10) node_modules/egg-logrotator/config/config.default.js",
    "start": 1576750558917,
    "end": 1576750558917,
    "duration": 0,
    "pid": 22140,
    "index": 13
  },
  {
    "name": "Require(11) node_modules/egg-static/config/config.default.js",
    "start": 1576750558918,
    "end": 1576750558918,
    "duration": 0,
    "pid": 22140,
    "index": 14
  },
  {
    "name": "Require(12) node_modules/egg-view/config/config.default.js",
    "start": 1576750558919,
    "end": 1576750558919,
    "duration": 0,
    "pid": 22140,
    "index": 15
  },
  {
    "name": "Require(13) node_modules/egg-cors/config/config.default.js",
    "start": 1576750558920,
    "end": 1576750558920,
    "duration": 0,
    "pid": 22140,
    "index": 16
  },
  {
    "name": "Require(14) node_modules/egg-validate/config/config.default.js",
    "start": 1576750558921,
    "end": 1576750558922,
    "duration": 1,
    "pid": 22140,
    "index": 17
  },
  {
    "name": "Require(15) node_modules/egg-sequelize/config/config.default.js",
    "start": 1576750558922,
    "end": 1576750558922,
    "duration": 0,
    "pid": 22140,
    "index": 18
  },
  {
    "name": "Require(16) node_modules/egg/config/config.default.js",
    "start": 1576750558923,
    "end": 1576750558923,
    "duration": 0,
    "pid": 22140,
    "index": 19
  },
  {
    "name": "Require(17) config/config.default.js",
    "start": 1576750558925,
    "end": 1576750558925,
    "duration": 0,
    "pid": 22140,
    "index": 20
  },
  {
    "name": "Require(18) node_modules/egg-security/config/config.local.js",
    "start": 1576750558926,
    "end": 1576750558927,
    "duration": 1,
    "pid": 22140,
    "index": 21
  },
  {
    "name": "Require(19) node_modules/egg-watcher/config/config.local.js",
    "start": 1576750558929,
    "end": 1576750558929,
    "duration": 0,
    "pid": 22140,
    "index": 22
  },
  {
    "name": "Require(20) node_modules/egg-view/config/config.local.js",
    "start": 1576750558931,
    "end": 1576750558932,
    "duration": 1,
    "pid": 22140,
    "index": 23
  },
  {
    "name": "Require(21) node_modules/egg/config/config.local.js",
    "start": 1576750558933,
    "end": 1576750558934,
    "duration": 1,
    "pid": 22140,
    "index": 24
  },
  {
    "name": "Load extend/application.js",
    "start": 1576750558935,
    "end": 1576750558957,
    "duration": 22,
    "pid": 22140,
    "index": 25
  },
  {
    "name": "Require(22) node_modules/egg-session/app/extend/application.js",
    "start": 1576750558936,
    "end": 1576750558936,
    "duration": 0,
    "pid": 22140,
    "index": 26
  },
  {
    "name": "Require(23) node_modules/egg-security/app/extend/application.js",
    "start": 1576750558938,
    "end": 1576750558939,
    "duration": 1,
    "pid": 22140,
    "index": 27
  },
  {
    "name": "Require(24) node_modules/egg-jsonp/app/extend/application.js",
    "start": 1576750558940,
    "end": 1576750558942,
    "duration": 2,
    "pid": 22140,
    "index": 28
  },
  {
    "name": "Require(25) node_modules/egg-logrotator/app/extend/application.js",
    "start": 1576750558944,
    "end": 1576750558945,
    "duration": 1,
    "pid": 22140,
    "index": 29
  },
  {
    "name": "Require(26) node_modules/egg-view/app/extend/application.js",
    "start": 1576750558947,
    "end": 1576750558948,
    "duration": 1,
    "pid": 22140,
    "index": 30
  },
  {
    "name": "Load extend/request.js",
    "start": 1576750558957,
    "end": 1576750558968,
    "duration": 11,
    "pid": 22140,
    "index": 31
  },
  {
    "name": "Require(27) node_modules/egg/app/extend/request.js",
    "start": 1576750558962,
    "end": 1576750558963,
    "duration": 1,
    "pid": 22140,
    "index": 32
  },
  {
    "name": "Load extend/response.js",
    "start": 1576750558969,
    "end": 1576750558986,
    "duration": 17,
    "pid": 22140,
    "index": 33
  },
  {
    "name": "Require(28) node_modules/egg/app/extend/response.js",
    "start": 1576750558975,
    "end": 1576750558977,
    "duration": 2,
    "pid": 22140,
    "index": 34
  },
  {
    "name": "Load extend/context.js",
    "start": 1576750558986,
    "end": 1576750559068,
    "duration": 82,
    "pid": 22140,
    "index": 35
  },
  {
    "name": "Require(29) node_modules/egg-security/app/extend/context.js",
    "start": 1576750558988,
    "end": 1576750559001,
    "duration": 13,
    "pid": 22140,
    "index": 36
  },
  {
    "name": "Require(30) node_modules/egg-jsonp/app/extend/context.js",
    "start": 1576750559001,
    "end": 1576750559004,
    "duration": 3,
    "pid": 22140,
    "index": 37
  },
  {
    "name": "Require(31) node_modules/egg-i18n/app/extend/context.js",
    "start": 1576750559005,
    "end": 1576750559005,
    "duration": 0,
    "pid": 22140,
    "index": 38
  },
  {
    "name": "Require(32) node_modules/egg-multipart/app/extend/context.js",
    "start": 1576750559006,
    "end": 1576750559056,
    "duration": 50,
    "pid": 22140,
    "index": 39
  },
  {
    "name": "Require(33) node_modules/egg-view/app/extend/context.js",
    "start": 1576750559057,
    "end": 1576750559058,
    "duration": 1,
    "pid": 22140,
    "index": 40
  },
  {
    "name": "Require(34) node_modules/egg-validate/app/extend/context.js",
    "start": 1576750559059,
    "end": 1576750559060,
    "duration": 1,
    "pid": 22140,
    "index": 41
  },
  {
    "name": "Require(35) node_modules/egg/app/extend/context.js",
    "start": 1576750559060,
    "end": 1576750559061,
    "duration": 1,
    "pid": 22140,
    "index": 42
  },
  {
    "name": "Load extend/helper.js",
    "start": 1576750559068,
    "end": 1576750559103,
    "duration": 35,
    "pid": 22140,
    "index": 43
  },
  {
    "name": "Require(36) node_modules/egg-security/app/extend/helper.js",
    "start": 1576750559069,
    "end": 1576750559094,
    "duration": 25,
    "pid": 22140,
    "index": 44
  },
  {
    "name": "Require(37) node_modules/egg/app/extend/helper.js",
    "start": 1576750559098,
    "end": 1576750559099,
    "duration": 1,
    "pid": 22140,
    "index": 45
  },
  {
    "name": "Load app.js",
    "start": 1576750559104,
    "end": 1576750559155,
    "duration": 51,
    "pid": 22140,
    "index": 46
  },
  {
    "name": "Require(38) node_modules/egg-session/app.js",
    "start": 1576750559104,
    "end": 1576750559105,
    "duration": 1,
    "pid": 22140,
    "index": 47
  },
  {
    "name": "Require(39) node_modules/egg-security/app.js",
    "start": 1576750559106,
    "end": 1576750559107,
    "duration": 1,
    "pid": 22140,
    "index": 48
  },
  {
    "name": "Require(40) node_modules/egg-onerror/app.js",
    "start": 1576750559108,
    "end": 1576750559116,
    "duration": 8,
    "pid": 22140,
    "index": 49
  },
  {
    "name": "Require(41) node_modules/egg-i18n/app.js",
    "start": 1576750559117,
    "end": 1576750559136,
    "duration": 19,
    "pid": 22140,
    "index": 50
  },
  {
    "name": "Require(42) node_modules/egg-watcher/app.js",
    "start": 1576750559136,
    "end": 1576750559141,
    "duration": 5,
    "pid": 22140,
    "index": 51
  },
  {
    "name": "Require(43) node_modules/egg-schedule/app.js",
    "start": 1576750559141,
    "end": 1576750559142,
    "duration": 1,
    "pid": 22140,
    "index": 52
  },
  {
    "name": "Require(44) node_modules/egg-multipart/app.js",
    "start": 1576750559143,
    "end": 1576750559146,
    "duration": 3,
    "pid": 22140,
    "index": 53
  },
  {
    "name": "Require(45) node_modules/egg-development/app.js",
    "start": 1576750559146,
    "end": 1576750559147,
    "duration": 1,
    "pid": 22140,
    "index": 54
  },
  {
    "name": "Require(46) node_modules/egg-logrotator/app.js",
    "start": 1576750559147,
    "end": 1576750559147,
    "duration": 0,
    "pid": 22140,
    "index": 55
  },
  {
    "name": "Require(47) node_modules/egg-static/app.js",
    "start": 1576750559148,
    "end": 1576750559148,
    "duration": 0,
    "pid": 22140,
    "index": 56
  },
  {
    "name": "Require(48) node_modules/egg-cors/app.js",
    "start": 1576750559149,
    "end": 1576750559149,
    "duration": 0,
    "pid": 22140,
    "index": 57
  },
  {
    "name": "Require(49) node_modules/egg-validate/app.js",
    "start": 1576750559150,
    "end": 1576750559152,
    "duration": 2,
    "pid": 22140,
    "index": 58
  },
  {
    "name": "Require(50) node_modules/egg-sequelize/app.js",
    "start": 1576750559152,
    "end": 1576750559152,
    "duration": 0,
    "pid": 22140,
    "index": 59
  },
  {
    "name": "Before Start in node_modules/egg-watcher/lib/init.js:15:14",
    "start": 1576750559175,
    "end": 1576750559863,
    "duration": 688,
    "pid": 22140,
    "index": 60
  },
  {
    "name": "Load \"Symbol(model)\" to Application",
    "start": 1576750559626,
    "end": 1576750559656,
    "duration": 30,
    "pid": 22140,
    "index": 61
  },
  {
    "name": "Before Start in node_modules/egg-sequelize/lib/loader.js:39:7",
    "start": 1576750559660,
    "end": 1576750559926,
    "duration": 266,
    "pid": 22140,
    "index": 62
  },
  {
    "name": "Load Service",
    "start": 1576750559660,
    "end": 1576750559671,
    "duration": 11,
    "pid": 22140,
    "index": 63
  },
  {
    "name": "Load \"service\" to Context",
    "start": 1576750559661,
    "end": 1576750559671,
    "duration": 10,
    "pid": 22140,
    "index": 64
  },
  {
    "name": "Load Middleware",
    "start": 1576750559672,
    "end": 1576750559798,
    "duration": 126,
    "pid": 22140,
    "index": 65
  },
  {
    "name": "Load \"middlewares\" to Application",
    "start": 1576750559672,
    "end": 1576750559785,
    "duration": 113,
    "pid": 22140,
    "index": 66
  },
  {
    "name": "Load Controller",
    "start": 1576750559798,
    "end": 1576750559805,
    "duration": 7,
    "pid": 22140,
    "index": 67
  },
  {
    "name": "Load \"controller\" to Application",
    "start": 1576750559798,
    "end": 1576750559805,
    "duration": 7,
    "pid": 22140,
    "index": 68
  },
  {
    "name": "Load Router",
    "start": 1576750559806,
    "end": 1576750559810,
    "duration": 4,
    "pid": 22140,
    "index": 69
  },
  {
    "name": "Require(51) app/router.js",
    "start": 1576750559806,
    "end": 1576750559806,
    "duration": 0,
    "pid": 22140,
    "index": 70
  },
  {
    "name": "Before Start in node_modules/egg-core/lib/egg.js:303:10",
    "start": 1576750559807,
    "end": 1576750559831,
    "duration": 24,
    "pid": 22140,
    "index": 71
  }
]