[
  {
    "name": "Application Start",
    "start": 1576750480051,
    "end": 1576750481115,
    "duration": 1064,
    "pid": 8100,
    "index": 0
  },
  {
    "name": "Load Plugin",
    "start": 1576750480061,
    "end": 1576750480095,
    "duration": 34,
    "pid": 8100,
    "index": 1
  },
  {
    "name": "Load Config",
    "start": 1576750480095,
    "end": 1576750480122,
    "duration": 27,
    "pid": 8100,
    "index": 2
  },
  {
    "name": "Require(0) config/config.default.js",
    "start": 1576750480096,
    "end": 1576750480096,
    "duration": 0,
    "pid": 8100,
    "index": 3
  },
  {
    "name": "Require(1) node_modules/egg-session/config/config.default.js",
    "start": 1576750480098,
    "end": 1576750480099,
    "duration": 1,
    "pid": 8100,
    "index": 4
  },
  {
    "name": "Require(2) node_modules/egg-security/config/config.default.js",
    "start": 1576750480099,
    "end": 1576750480099,
    "duration": 0,
    "pid": 8100,
    "index": 5
  },
  {
    "name": "Require(3) node_modules/egg-jsonp/config/config.default.js",
    "start": 1576750480100,
    "end": 1576750480101,
    "duration": 1,
    "pid": 8100,
    "index": 6
  },
  {
    "name": "Require(4) node_modules/egg-onerror/config/config.default.js",
    "start": 1576750480102,
    "end": 1576750480102,
    "duration": 0,
    "pid": 8100,
    "index": 7
  },
  {
    "name": "Require(5) node_modules/egg-i18n/config/config.default.js",
    "start": 1576750480103,
    "end": 1576750480103,
    "duration": 0,
    "pid": 8100,
    "index": 8
  },
  {
    "name": "Require(6) node_modules/egg-watcher/config/config.default.js",
    "start": 1576750480105,
    "end": 1576750480105,
    "duration": 0,
    "pid": 8100,
    "index": 9
  },
  {
    "name": "Require(7) node_modules/egg-schedule/config/config.default.js",
    "start": 1576750480106,
    "end": 1576750480106,
    "duration": 0,
    "pid": 8100,
    "index": 10
  },
  {
    "name": "Require(8) node_modules/egg-multipart/config/config.default.js",
    "start": 1576750480107,
    "end": 1576750480107,
    "duration": 0,
    "pid": 8100,
    "index": 11
  },
  {
    "name": "Require(9) node_modules/egg-development/config/config.default.js",
    "start": 1576750480108,
    "end": 1576750480109,
    "duration": 1,
    "pid": 8100,
    "index": 12
  },
  {
    "name": "Require(10) node_modules/egg-logrotator/config/config.default.js",
    "start": 1576750480109,
    "end": 1576750480109,
    "duration": 0,
    "pid": 8100,
    "index": 13
  },
  {
    "name": "Require(11) node_modules/egg-static/config/config.default.js",
    "start": 1576750480110,
    "end": 1576750480110,
    "duration": 0,
    "pid": 8100,
    "index": 14
  },
  {
    "name": "Require(12) node_modules/egg-view/config/config.default.js",
    "start": 1576750480111,
    "end": 1576750480111,
    "duration": 0,
    "pid": 8100,
    "index": 15
  },
  {
    "name": "Require(13) node_modules/egg-cors/config/config.default.js",
    "start": 1576750480112,
    "end": 1576750480112,
    "duration": 0,
    "pid": 8100,
    "index": 16
  },
  {
    "name": "Require(14) node_modules/egg-validate/config/config.default.js",
    "start": 1576750480112,
    "end": 1576750480113,
    "duration": 1,
    "pid": 8100,
    "index": 17
  },
  {
    "name": "Require(15) node_modules/egg-sequelize/config/config.default.js",
    "start": 1576750480113,
    "end": 1576750480113,
    "duration": 0,
    "pid": 8100,
    "index": 18
  },
  {
    "name": "Require(16) node_modules/egg/config/config.default.js",
    "start": 1576750480114,
    "end": 1576750480114,
    "duration": 0,
    "pid": 8100,
    "index": 19
  },
  {
    "name": "Require(17) config/config.default.js",
    "start": 1576750480116,
    "end": 1576750480116,
    "duration": 0,
    "pid": 8100,
    "index": 20
  },
  {
    "name": "Require(18) node_modules/egg-security/config/config.local.js",
    "start": 1576750480116,
    "end": 1576750480117,
    "duration": 1,
    "pid": 8100,
    "index": 21
  },
  {
    "name": "Require(19) node_modules/egg-watcher/config/config.local.js",
    "start": 1576750480118,
    "end": 1576750480118,
    "duration": 0,
    "pid": 8100,
    "index": 22
  },
  {
    "name": "Require(20) node_modules/egg-view/config/config.local.js",
    "start": 1576750480120,
    "end": 1576750480120,
    "duration": 0,
    "pid": 8100,
    "index": 23
  },
  {
    "name": "Require(21) node_modules/egg/config/config.local.js",
    "start": 1576750480122,
    "end": 1576750480122,
    "duration": 0,
    "pid": 8100,
    "index": 24
  },
  {
    "name": "Load extend/application.js",
    "start": 1576750480124,
    "end": 1576750480149,
    "duration": 25,
    "pid": 8100,
    "index": 25
  },
  {
    "name": "Require(22) node_modules/egg-session/app/extend/application.js",
    "start": 1576750480125,
    "end": 1576750480126,
    "duration": 1,
    "pid": 8100,
    "index": 26
  },
  {
    "name": "Require(23) node_modules/egg-security/app/extend/application.js",
    "start": 1576750480126,
    "end": 1576750480128,
    "duration": 2,
    "pid": 8100,
    "index": 27
  },
  {
    "name": "Require(24) node_modules/egg-jsonp/app/extend/application.js",
    "start": 1576750480128,
    "end": 1576750480130,
    "duration": 2,
    "pid": 8100,
    "index": 28
  },
  {
    "name": "Require(25) node_modules/egg-logrotator/app/extend/application.js",
    "start": 1576750480133,
    "end": 1576750480137,
    "duration": 4,
    "pid": 8100,
    "index": 29
  },
  {
    "name": "Require(26) node_modules/egg-view/app/extend/application.js",
    "start": 1576750480138,
    "end": 1576750480140,
    "duration": 2,
    "pid": 8100,
    "index": 30
  },
  {
    "name": "Load extend/request.js",
    "start": 1576750480149,
    "end": 1576750480161,
    "duration": 12,
    "pid": 8100,
    "index": 31
  },
  {
    "name": "Require(27) node_modules/egg/app/extend/request.js",
    "start": 1576750480155,
    "end": 1576750480155,
    "duration": 0,
    "pid": 8100,
    "index": 32
  },
  {
    "name": "Load extend/response.js",
    "start": 1576750480161,
    "end": 1576750480172,
    "duration": 11,
    "pid": 8100,
    "index": 33
  },
  {
    "name": "Require(28) node_modules/egg/app/extend/response.js",
    "start": 1576750480166,
    "end": 1576750480167,
    "duration": 1,
    "pid": 8100,
    "index": 34
  },
  {
    "name": "Load extend/context.js",
    "start": 1576750480172,
    "end": 1576750480240,
    "duration": 68,
    "pid": 8100,
    "index": 35
  },
  {
    "name": "Require(29) node_modules/egg-security/app/extend/context.js",
    "start": 1576750480173,
    "end": 1576750480185,
    "duration": 12,
    "pid": 8100,
    "index": 36
  },
  {
    "name": "Require(30) node_modules/egg-jsonp/app/extend/context.js",
    "start": 1576750480186,
    "end": 1576750480187,
    "duration": 1,
    "pid": 8100,
    "index": 37
  },
  {
    "name": "Require(31) node_modules/egg-i18n/app/extend/context.js",
    "start": 1576750480188,
    "end": 1576750480188,
    "duration": 0,
    "pid": 8100,
    "index": 38
  },
  {
    "name": "Require(32) node_modules/egg-multipart/app/extend/context.js",
    "start": 1576750480189,
    "end": 1576750480230,
    "duration": 41,
    "pid": 8100,
    "index": 39
  },
  {
    "name": "Require(33) node_modules/egg-view/app/extend/context.js",
    "start": 1576750480231,
    "end": 1576750480232,
    "duration": 1,
    "pid": 8100,
    "index": 40
  },
  {
    "name": "Require(34) node_modules/egg-validate/app/extend/context.js",
    "start": 1576750480233,
    "end": 1576750480233,
    "duration": 0,
    "pid": 8100,
    "index": 41
  },
  {
    "name": "Require(35) node_modules/egg/app/extend/context.js",
    "start": 1576750480234,
    "end": 1576750480235,
    "duration": 1,
    "pid": 8100,
    "index": 42
  },
  {
    "name": "Load extend/helper.js",
    "start": 1576750480240,
    "end": 1576750480270,
    "duration": 30,
    "pid": 8100,
    "index": 43
  },
  {
    "name": "Require(36) node_modules/egg-security/app/extend/helper.js",
    "start": 1576750480241,
    "end": 1576750480261,
    "duration": 20,
    "pid": 8100,
    "index": 44
  },
  {
    "name": "Require(37) node_modules/egg/app/extend/helper.js",
    "start": 1576750480265,
    "end": 1576750480266,
    "duration": 1,
    "pid": 8100,
    "index": 45
  },
  {
    "name": "Load app.js",
    "start": 1576750480271,
    "end": 1576750480325,
    "duration": 54,
    "pid": 8100,
    "index": 46
  },
  {
    "name": "Require(38) node_modules/egg-session/app.js",
    "start": 1576750480271,
    "end": 1576750480272,
    "duration": 1,
    "pid": 8100,
    "index": 47
  },
  {
    "name": "Require(39) node_modules/egg-security/app.js",
    "start": 1576750480272,
    "end": 1576750480274,
    "duration": 2,
    "pid": 8100,
    "index": 48
  },
  {
    "name": "Require(40) node_modules/egg-onerror/app.js",
    "start": 1576750480275,
    "end": 1576750480286,
    "duration": 11,
    "pid": 8100,
    "index": 49
  },
  {
    "name": "Require(41) node_modules/egg-i18n/app.js",
    "start": 1576750480287,
    "end": 1576750480308,
    "duration": 21,
    "pid": 8100,
    "index": 50
  },
  {
    "name": "Require(42) node_modules/egg-watcher/app.js",
    "start": 1576750480309,
    "end": 1576750480312,
    "duration": 3,
    "pid": 8100,
    "index": 51
  },
  {
    "name": "Require(43) node_modules/egg-schedule/app.js",
    "start": 1576750480312,
    "end": 1576750480314,
    "duration": 2,
    "pid": 8100,
    "index": 52
  },
  {
    "name": "Require(44) node_modules/egg-multipart/app.js",
    "start": 1576750480314,
    "end": 1576750480317,
    "duration": 3,
    "pid": 8100,
    "index": 53
  },
  {
    "name": "Require(45) node_modules/egg-development/app.js",
    "start": 1576750480317,
    "end": 1576750480318,
    "duration": 1,
    "pid": 8100,
    "index": 54
  },
  {
    "name": "Require(46) node_modules/egg-logrotator/app.js",
    "start": 1576750480318,
    "end": 1576750480318,
    "duration": 0,
    "pid": 8100,
    "index": 55
  },
  {
    "name": "Require(47) node_modules/egg-static/app.js",
    "start": 1576750480319,
    "end": 1576750480319,
    "duration": 0,
    "pid": 8100,
    "index": 56
  },
  {
    "name": "Require(48) node_modules/egg-cors/app.js",
    "start": 1576750480320,
    "end": 1576750480321,
    "duration": 1,
    "pid": 8100,
    "index": 57
  },
  {
    "name": "Require(49) node_modules/egg-validate/app.js",
    "start": 1576750480321,
    "end": 1576750480323,
    "duration": 2,
    "pid": 8100,
    "index": 58
  },
  {
    "name": "Require(50) node_modules/egg-sequelize/app.js",
    "start": 1576750480323,
    "end": 1576750480324,
    "duration": 1,
    "pid": 8100,
    "index": 59
  },
  {
    "name": "Before Start in node_modules/egg-watcher/lib/init.js:15:14",
    "start": 1576750480343,
    "end": 1576750481056,
    "duration": 713,
    "pid": 8100,
    "index": 60
  },
  {
    "name": "Load \"Symbol(model)\" to Application",
    "start": 1576750480781,
    "end": 1576750480804,
    "duration": 23,
    "pid": 8100,
    "index": 61
  },
  {
    "name": "Before Start in node_modules/egg-sequelize/lib/loader.js:39:7",
    "start": 1576750480807,
    "end": 1576750481114,
    "duration": 307,
    "pid": 8100,
    "index": 62
  },
  {
    "name": "Load Service",
    "start": 1576750480807,
    "end": 1576750480818,
    "duration": 11,
    "pid": 8100,
    "index": 63
  },
  {
    "name": "Load \"service\" to Context",
    "start": 1576750480808,
    "end": 1576750480818,
    "duration": 10,
    "pid": 8100,
    "index": 64
  },
  {
    "name": "Load Middleware",
    "start": 1576750480818,
    "end": 1576750480972,
    "duration": 154,
    "pid": 8100,
    "index": 65
  },
  {
    "name": "Load \"middlewares\" to Application",
    "start": 1576750480818,
    "end": 1576750480950,
    "duration": 132,
    "pid": 8100,
    "index": 66
  },
  {
    "name": "Load Controller",
    "start": 1576750480972,
    "end": 1576750480982,
    "duration": 10,
    "pid": 8100,
    "index": 67
  },
  {
    "name": "Load \"controller\" to Application",
    "start": 1576750480972,
    "end": 1576750480982,
    "duration": 10,
    "pid": 8100,
    "index": 68
  },
  {
    "name": "Load Router",
    "start": 1576750480982,
    "end": 1576750480990,
    "duration": 8,
    "pid": 8100,
    "index": 69
  },
  {
    "name": "Require(51) app/router.js",
    "start": 1576750480983,
    "end": 1576750480983,
    "duration": 0,
    "pid": 8100,
    "index": 70
  },
  {
    "name": "Before Start in node_modules/egg-core/lib/egg.js:303:10",
    "start": 1576750480985,
    "end": 1576750481024,
    "duration": 39,
    "pid": 8100,
    "index": 71
  }
]