[
  {
    "name": "Application Start",
    "start": 1576751072114,
    "end": 1576751073534,
    "duration": 1420,
    "pid": 5664,
    "index": 0
  },
  {
    "name": "Load Plugin",
    "start": 1576751072125,
    "end": 1576751072174,
    "duration": 49,
    "pid": 5664,
    "index": 1
  },
  {
    "name": "Load Config",
    "start": 1576751072174,
    "end": 1576751072234,
    "duration": 60,
    "pid": 5664,
    "index": 2
  },
  {
    "name": "Require(0) config/config.default.js",
    "start": 1576751072178,
    "end": 1576751072178,
    "duration": 0,
    "pid": 5664,
    "index": 3
  },
  {
    "name": "Require(1) node_modules/egg-session/config/config.default.js",
    "start": 1576751072183,
    "end": 1576751072184,
    "duration": 1,
    "pid": 5664,
    "index": 4
  },
  {
    "name": "Require(2) node_modules/egg-security/config/config.default.js",
    "start": 1576751072185,
    "end": 1576751072186,
    "duration": 1,
    "pid": 5664,
    "index": 5
  },
  {
    "name": "Require(3) node_modules/egg-jsonp/config/config.default.js",
    "start": 1576751072188,
    "end": 1576751072189,
    "duration": 1,
    "pid": 5664,
    "index": 6
  },
  {
    "name": "Require(4) node_modules/egg-onerror/config/config.default.js",
    "start": 1576751072190,
    "end": 1576751072191,
    "duration": 1,
    "pid": 5664,
    "index": 7
  },
  {
    "name": "Require(5) node_modules/egg-i18n/config/config.default.js",
    "start": 1576751072194,
    "end": 1576751072195,
    "duration": 1,
    "pid": 5664,
    "index": 8
  },
  {
    "name": "Require(6) node_modules/egg-watcher/config/config.default.js",
    "start": 1576751072198,
    "end": 1576751072199,
    "duration": 1,
    "pid": 5664,
    "index": 9
  },
  {
    "name": "Require(7) node_modules/egg-schedule/config/config.default.js",
    "start": 1576751072201,
    "end": 1576751072202,
    "duration": 1,
    "pid": 5664,
    "index": 10
  },
  {
    "name": "Require(8) node_modules/egg-multipart/config/config.default.js",
    "start": 1576751072203,
    "end": 1576751072204,
    "duration": 1,
    "pid": 5664,
    "index": 11
  },
  {
    "name": "Require(9) node_modules/egg-development/config/config.default.js",
    "start": 1576751072205,
    "end": 1576751072206,
    "duration": 1,
    "pid": 5664,
    "index": 12
  },
  {
    "name": "Require(10) node_modules/egg-logrotator/config/config.default.js",
    "start": 1576751072206,
    "end": 1576751072207,
    "duration": 1,
    "pid": 5664,
    "index": 13
  },
  {
    "name": "Require(11) node_modules/egg-static/config/config.default.js",
    "start": 1576751072208,
    "end": 1576751072210,
    "duration": 2,
    "pid": 5664,
    "index": 14
  },
  {
    "name": "Require(12) node_modules/egg-view/config/config.default.js",
    "start": 1576751072212,
    "end": 1576751072213,
    "duration": 1,
    "pid": 5664,
    "index": 15
  },
  {
    "name": "Require(13) node_modules/egg-cors/config/config.default.js",
    "start": 1576751072214,
    "end": 1576751072215,
    "duration": 1,
    "pid": 5664,
    "index": 16
  },
  {
    "name": "Require(14) node_modules/egg-validate/config/config.default.js",
    "start": 1576751072217,
    "end": 1576751072218,
    "duration": 1,
    "pid": 5664,
    "index": 17
  },
  {
    "name": "Require(15) node_modules/egg-sequelize/config/config.default.js",
    "start": 1576751072219,
    "end": 1576751072219,
    "duration": 0,
    "pid": 5664,
    "index": 18
  },
  {
    "name": "Require(16) node_modules/egg/config/config.default.js",
    "start": 1576751072220,
    "end": 1576751072220,
    "duration": 0,
    "pid": 5664,
    "index": 19
  },
  {
    "name": "Require(17) config/config.default.js",
    "start": 1576751072223,
    "end": 1576751072223,
    "duration": 0,
    "pid": 5664,
    "index": 20
  },
  {
    "name": "Require(18) node_modules/egg-security/config/config.local.js",
    "start": 1576751072224,
    "end": 1576751072227,
    "duration": 3,
    "pid": 5664,
    "index": 21
  },
  {
    "name": "Require(19) node_modules/egg-watcher/config/config.local.js",
    "start": 1576751072229,
    "end": 1576751072229,
    "duration": 0,
    "pid": 5664,
    "index": 22
  },
  {
    "name": "Require(20) node_modules/egg-view/config/config.local.js",
    "start": 1576751072231,
    "end": 1576751072232,
    "duration": 1,
    "pid": 5664,
    "index": 23
  },
  {
    "name": "Require(21) node_modules/egg/config/config.local.js",
    "start": 1576751072233,
    "end": 1576751072233,
    "duration": 0,
    "pid": 5664,
    "index": 24
  },
  {
    "name": "Load extend/application.js",
    "start": 1576751072236,
    "end": 1576751072264,
    "duration": 28,
    "pid": 5664,
    "index": 25
  },
  {
    "name": "Require(22) node_modules/egg-session/app/extend/application.js",
    "start": 1576751072237,
    "end": 1576751072237,
    "duration": 0,
    "pid": 5664,
    "index": 26
  },
  {
    "name": "Require(23) node_modules/egg-security/app/extend/application.js",
    "start": 1576751072238,
    "end": 1576751072240,
    "duration": 2,
    "pid": 5664,
    "index": 27
  },
  {
    "name": "Require(24) node_modules/egg-jsonp/app/extend/application.js",
    "start": 1576751072241,
    "end": 1576751072244,
    "duration": 3,
    "pid": 5664,
    "index": 28
  },
  {
    "name": "Require(25) node_modules/egg-logrotator/app/extend/application.js",
    "start": 1576751072248,
    "end": 1576751072251,
    "duration": 3,
    "pid": 5664,
    "index": 29
  },
  {
    "name": "Require(26) node_modules/egg-view/app/extend/application.js",
    "start": 1576751072252,
    "end": 1576751072254,
    "duration": 2,
    "pid": 5664,
    "index": 30
  },
  {
    "name": "Load extend/request.js",
    "start": 1576751072264,
    "end": 1576751072286,
    "duration": 22,
    "pid": 5664,
    "index": 31
  },
  {
    "name": "Require(27) node_modules/egg/app/extend/request.js",
    "start": 1576751072277,
    "end": 1576751072278,
    "duration": 1,
    "pid": 5664,
    "index": 32
  },
  {
    "name": "Load extend/response.js",
    "start": 1576751072286,
    "end": 1576751072302,
    "duration": 16,
    "pid": 5664,
    "index": 33
  },
  {
    "name": "Require(28) node_modules/egg/app/extend/response.js",
    "start": 1576751072291,
    "end": 1576751072294,
    "duration": 3,
    "pid": 5664,
    "index": 34
  },
  {
    "name": "Load extend/context.js",
    "start": 1576751072302,
    "end": 1576751072389,
    "duration": 87,
    "pid": 5664,
    "index": 35
  },
  {
    "name": "Require(29) node_modules/egg-security/app/extend/context.js",
    "start": 1576751072303,
    "end": 1576751072316,
    "duration": 13,
    "pid": 5664,
    "index": 36
  },
  {
    "name": "Require(30) node_modules/egg-jsonp/app/extend/context.js",
    "start": 1576751072316,
    "end": 1576751072319,
    "duration": 3,
    "pid": 5664,
    "index": 37
  },
  {
    "name": "Require(31) node_modules/egg-i18n/app/extend/context.js",
    "start": 1576751072320,
    "end": 1576751072320,
    "duration": 0,
    "pid": 5664,
    "index": 38
  },
  {
    "name": "Require(32) node_modules/egg-multipart/app/extend/context.js",
    "start": 1576751072321,
    "end": 1576751072376,
    "duration": 55,
    "pid": 5664,
    "index": 39
  },
  {
    "name": "Require(33) node_modules/egg-view/app/extend/context.js",
    "start": 1576751072377,
    "end": 1576751072379,
    "duration": 2,
    "pid": 5664,
    "index": 40
  },
  {
    "name": "Require(34) node_modules/egg-validate/app/extend/context.js",
    "start": 1576751072380,
    "end": 1576751072381,
    "duration": 1,
    "pid": 5664,
    "index": 41
  },
  {
    "name": "Require(35) node_modules/egg/app/extend/context.js",
    "start": 1576751072382,
    "end": 1576751072384,
    "duration": 2,
    "pid": 5664,
    "index": 42
  },
  {
    "name": "Load extend/helper.js",
    "start": 1576751072390,
    "end": 1576751072428,
    "duration": 38,
    "pid": 5664,
    "index": 43
  },
  {
    "name": "Require(36) node_modules/egg-security/app/extend/helper.js",
    "start": 1576751072390,
    "end": 1576751072415,
    "duration": 25,
    "pid": 5664,
    "index": 44
  },
  {
    "name": "Require(37) node_modules/egg/app/extend/helper.js",
    "start": 1576751072420,
    "end": 1576751072421,
    "duration": 1,
    "pid": 5664,
    "index": 45
  },
  {
    "name": "Load app.js",
    "start": 1576751072428,
    "end": 1576751072490,
    "duration": 62,
    "pid": 5664,
    "index": 46
  },
  {
    "name": "Require(38) node_modules/egg-session/app.js",
    "start": 1576751072429,
    "end": 1576751072429,
    "duration": 0,
    "pid": 5664,
    "index": 47
  },
  {
    "name": "Require(39) node_modules/egg-security/app.js",
    "start": 1576751072430,
    "end": 1576751072432,
    "duration": 2,
    "pid": 5664,
    "index": 48
  },
  {
    "name": "Require(40) node_modules/egg-onerror/app.js",
    "start": 1576751072433,
    "end": 1576751072443,
    "duration": 10,
    "pid": 5664,
    "index": 49
  },
  {
    "name": "Require(41) node_modules/egg-i18n/app.js",
    "start": 1576751072444,
    "end": 1576751072469,
    "duration": 25,
    "pid": 5664,
    "index": 50
  },
  {
    "name": "Require(42) node_modules/egg-watcher/app.js",
    "start": 1576751072471,
    "end": 1576751072477,
    "duration": 6,
    "pid": 5664,
    "index": 51
  },
  {
    "name": "Require(43) node_modules/egg-schedule/app.js",
    "start": 1576751072478,
    "end": 1576751072479,
    "duration": 1,
    "pid": 5664,
    "index": 52
  },
  {
    "name": "Require(44) node_modules/egg-multipart/app.js",
    "start": 1576751072479,
    "end": 1576751072482,
    "duration": 3,
    "pid": 5664,
    "index": 53
  },
  {
    "name": "Require(45) node_modules/egg-development/app.js",
    "start": 1576751072483,
    "end": 1576751072483,
    "duration": 0,
    "pid": 5664,
    "index": 54
  },
  {
    "name": "Require(46) node_modules/egg-logrotator/app.js",
    "start": 1576751072483,
    "end": 1576751072484,
    "duration": 1,
    "pid": 5664,
    "index": 55
  },
  {
    "name": "Require(47) node_modules/egg-static/app.js",
    "start": 1576751072484,
    "end": 1576751072485,
    "duration": 1,
    "pid": 5664,
    "index": 56
  },
  {
    "name": "Require(48) node_modules/egg-cors/app.js",
    "start": 1576751072486,
    "end": 1576751072486,
    "duration": 0,
    "pid": 5664,
    "index": 57
  },
  {
    "name": "Require(49) node_modules/egg-validate/app.js",
    "start": 1576751072486,
    "end": 1576751072488,
    "duration": 2,
    "pid": 5664,
    "index": 58
  },
  {
    "name": "Require(50) node_modules/egg-sequelize/app.js",
    "start": 1576751072489,
    "end": 1576751072489,
    "duration": 0,
    "pid": 5664,
    "index": 59
  },
  {
    "name": "Before Start in node_modules/egg-watcher/lib/init.js:15:14",
    "start": 1576751072514,
    "end": 1576751073456,
    "duration": 942,
    "pid": 5664,
    "index": 60
  },
  {
    "name": "Load \"Symbol(model)\" to Application",
    "start": 1576751073172,
    "end": 1576751073192,
    "duration": 20,
    "pid": 5664,
    "index": 61
  },
  {
    "name": "Before Start in node_modules/egg-sequelize/lib/loader.js:39:7",
    "start": 1576751073195,
    "end": 1576751073533,
    "duration": 338,
    "pid": 5664,
    "index": 62
  },
  {
    "name": "Load Service",
    "start": 1576751073195,
    "end": 1576751073210,
    "duration": 15,
    "pid": 5664,
    "index": 63
  },
  {
    "name": "Load \"service\" to Context",
    "start": 1576751073195,
    "end": 1576751073210,
    "duration": 15,
    "pid": 5664,
    "index": 64
  },
  {
    "name": "Load Middleware",
    "start": 1576751073210,
    "end": 1576751073348,
    "duration": 138,
    "pid": 5664,
    "index": 65
  },
  {
    "name": "Load \"middlewares\" to Application",
    "start": 1576751073211,
    "end": 1576751073334,
    "duration": 123,
    "pid": 5664,
    "index": 66
  },
  {
    "name": "Load Controller",
    "start": 1576751073348,
    "end": 1576751073361,
    "duration": 13,
    "pid": 5664,
    "index": 67
  },
  {
    "name": "Load \"controller\" to Application",
    "start": 1576751073348,
    "end": 1576751073361,
    "duration": 13,
    "pid": 5664,
    "index": 68
  },
  {
    "name": "Load Router",
    "start": 1576751073361,
    "end": 1576751073371,
    "duration": 10,
    "pid": 5664,
    "index": 69
  },
  {
    "name": "Require(51) app/router.js",
    "start": 1576751073362,
    "end": 1576751073363,
    "duration": 1,
    "pid": 5664,
    "index": 70
  },
  {
    "name": "Before Start in node_modules/egg-core/lib/egg.js:303:10",
    "start": 1576751073365,
    "end": 1576751073404,
    "duration": 39,
    "pid": 5664,
    "index": 71
  }
]