[
  {
    "name": "Application Start",
    "start": 1576750391274,
    "end": 1576750392391,
    "duration": 1117,
    "pid": 15540,
    "index": 0
  },
  {
    "name": "Load Plugin",
    "start": 1576750391281,
    "end": 1576750391311,
    "duration": 30,
    "pid": 15540,
    "index": 1
  },
  {
    "name": "Load Config",
    "start": 1576750391311,
    "end": 1576750391347,
    "duration": 36,
    "pid": 15540,
    "index": 2
  },
  {
    "name": "Require(0) config/config.default.js",
    "start": 1576750391312,
    "end": 1576750391313,
    "duration": 1,
    "pid": 15540,
    "index": 3
  },
  {
    "name": "Require(1) node_modules/egg-session/config/config.default.js",
    "start": 1576750391315,
    "end": 1576750391315,
    "duration": 0,
    "pid": 15540,
    "index": 4
  },
  {
    "name": "Require(2) node_modules/egg-security/config/config.default.js",
    "start": 1576750391316,
    "end": 1576750391316,
    "duration": 0,
    "pid": 15540,
    "index": 5
  },
  {
    "name": "Require(3) node_modules/egg-jsonp/config/config.default.js",
    "start": 1576750391317,
    "end": 1576750391317,
    "duration": 0,
    "pid": 15540,
    "index": 6
  },
  {
    "name": "Require(4) node_modules/egg-onerror/config/config.default.js",
    "start": 1576750391319,
    "end": 1576750391319,
    "duration": 0,
    "pid": 15540,
    "index": 7
  },
  {
    "name": "Require(5) node_modules/egg-i18n/config/config.default.js",
    "start": 1576750391320,
    "end": 1576750391320,
    "duration": 0,
    "pid": 15540,
    "index": 8
  },
  {
    "name": "Require(6) node_modules/egg-watcher/config/config.default.js",
    "start": 1576750391322,
    "end": 1576750391322,
    "duration": 0,
    "pid": 15540,
    "index": 9
  },
  {
    "name": "Require(7) node_modules/egg-schedule/config/config.default.js",
    "start": 1576750391323,
    "end": 1576750391324,
    "duration": 1,
    "pid": 15540,
    "index": 10
  },
  {
    "name": "Require(8) node_modules/egg-multipart/config/config.default.js",
    "start": 1576750391325,
    "end": 1576750391325,
    "duration": 0,
    "pid": 15540,
    "index": 11
  },
  {
    "name": "Require(9) node_modules/egg-development/config/config.default.js",
    "start": 1576750391326,
    "end": 1576750391327,
    "duration": 1,
    "pid": 15540,
    "index": 12
  },
  {
    "name": "Require(10) node_modules/egg-logrotator/config/config.default.js",
    "start": 1576750391328,
    "end": 1576750391329,
    "duration": 1,
    "pid": 15540,
    "index": 13
  },
  {
    "name": "Require(11) node_modules/egg-static/config/config.default.js",
    "start": 1576750391330,
    "end": 1576750391330,
    "duration": 0,
    "pid": 15540,
    "index": 14
  },
  {
    "name": "Require(12) node_modules/egg-view/config/config.default.js",
    "start": 1576750391332,
    "end": 1576750391333,
    "duration": 1,
    "pid": 15540,
    "index": 15
  },
  {
    "name": "Require(13) node_modules/egg-cors/config/config.default.js",
    "start": 1576750391334,
    "end": 1576750391335,
    "duration": 1,
    "pid": 15540,
    "index": 16
  },
  {
    "name": "Require(14) node_modules/egg-validate/config/config.default.js",
    "start": 1576750391335,
    "end": 1576750391336,
    "duration": 1,
    "pid": 15540,
    "index": 17
  },
  {
    "name": "Require(15) node_modules/egg-sequelize/config/config.default.js",
    "start": 1576750391336,
    "end": 1576750391337,
    "duration": 1,
    "pid": 15540,
    "index": 18
  },
  {
    "name": "Require(16) node_modules/egg/config/config.default.js",
    "start": 1576750391337,
    "end": 1576750391338,
    "duration": 1,
    "pid": 15540,
    "index": 19
  },
  {
    "name": "Require(17) config/config.default.js",
    "start": 1576750391340,
    "end": 1576750391340,
    "duration": 0,
    "pid": 15540,
    "index": 20
  },
  {
    "name": "Require(18) node_modules/egg-security/config/config.local.js",
    "start": 1576750391341,
    "end": 1576750391341,
    "duration": 0,
    "pid": 15540,
    "index": 21
  },
  {
    "name": "Require(19) node_modules/egg-watcher/config/config.local.js",
    "start": 1576750391343,
    "end": 1576750391343,
    "duration": 0,
    "pid": 15540,
    "index": 22
  },
  {
    "name": "Require(20) node_modules/egg-view/config/config.local.js",
    "start": 1576750391345,
    "end": 1576750391345,
    "duration": 0,
    "pid": 15540,
    "index": 23
  },
  {
    "name": "Require(21) node_modules/egg/config/config.local.js",
    "start": 1576750391346,
    "end": 1576750391346,
    "duration": 0,
    "pid": 15540,
    "index": 24
  },
  {
    "name": "Load extend/application.js",
    "start": 1576750391348,
    "end": 1576750391372,
    "duration": 24,
    "pid": 15540,
    "index": 25
  },
  {
    "name": "Require(22) node_modules/egg-session/app/extend/application.js",
    "start": 1576750391349,
    "end": 1576750391349,
    "duration": 0,
    "pid": 15540,
    "index": 26
  },
  {
    "name": "Require(23) node_modules/egg-security/app/extend/application.js",
    "start": 1576750391350,
    "end": 1576750391353,
    "duration": 3,
    "pid": 15540,
    "index": 27
  },
  {
    "name": "Require(24) node_modules/egg-jsonp/app/extend/application.js",
    "start": 1576750391353,
    "end": 1576750391355,
    "duration": 2,
    "pid": 15540,
    "index": 28
  },
  {
    "name": "Require(25) node_modules/egg-logrotator/app/extend/application.js",
    "start": 1576750391358,
    "end": 1576750391361,
    "duration": 3,
    "pid": 15540,
    "index": 29
  },
  {
    "name": "Require(26) node_modules/egg-view/app/extend/application.js",
    "start": 1576750391362,
    "end": 1576750391364,
    "duration": 2,
    "pid": 15540,
    "index": 30
  },
  {
    "name": "Load extend/request.js",
    "start": 1576750391372,
    "end": 1576750391389,
    "duration": 17,
    "pid": 15540,
    "index": 31
  },
  {
    "name": "Require(27) node_modules/egg/app/extend/request.js",
    "start": 1576750391382,
    "end": 1576750391383,
    "duration": 1,
    "pid": 15540,
    "index": 32
  },
  {
    "name": "Load extend/response.js",
    "start": 1576750391389,
    "end": 1576750391403,
    "duration": 14,
    "pid": 15540,
    "index": 33
  },
  {
    "name": "Require(28) node_modules/egg/app/extend/response.js",
    "start": 1576750391397,
    "end": 1576750391398,
    "duration": 1,
    "pid": 15540,
    "index": 34
  },
  {
    "name": "Load extend/context.js",
    "start": 1576750391403,
    "end": 1576750391481,
    "duration": 78,
    "pid": 15540,
    "index": 35
  },
  {
    "name": "Require(29) node_modules/egg-security/app/extend/context.js",
    "start": 1576750391404,
    "end": 1576750391418,
    "duration": 14,
    "pid": 15540,
    "index": 36
  },
  {
    "name": "Require(30) node_modules/egg-jsonp/app/extend/context.js",
    "start": 1576750391418,
    "end": 1576750391420,
    "duration": 2,
    "pid": 15540,
    "index": 37
  },
  {
    "name": "Require(31) node_modules/egg-i18n/app/extend/context.js",
    "start": 1576750391421,
    "end": 1576750391421,
    "duration": 0,
    "pid": 15540,
    "index": 38
  },
  {
    "name": "Require(32) node_modules/egg-multipart/app/extend/context.js",
    "start": 1576750391423,
    "end": 1576750391468,
    "duration": 45,
    "pid": 15540,
    "index": 39
  },
  {
    "name": "Require(33) node_modules/egg-view/app/extend/context.js",
    "start": 1576750391469,
    "end": 1576750391471,
    "duration": 2,
    "pid": 15540,
    "index": 40
  },
  {
    "name": "Require(34) node_modules/egg-validate/app/extend/context.js",
    "start": 1576750391473,
    "end": 1576750391473,
    "duration": 0,
    "pid": 15540,
    "index": 41
  },
  {
    "name": "Require(35) node_modules/egg/app/extend/context.js",
    "start": 1576750391474,
    "end": 1576750391475,
    "duration": 1,
    "pid": 15540,
    "index": 42
  },
  {
    "name": "Load extend/helper.js",
    "start": 1576750391481,
    "end": 1576750391522,
    "duration": 41,
    "pid": 15540,
    "index": 43
  },
  {
    "name": "Require(36) node_modules/egg-security/app/extend/helper.js",
    "start": 1576750391482,
    "end": 1576750391506,
    "duration": 24,
    "pid": 15540,
    "index": 44
  },
  {
    "name": "Require(37) node_modules/egg/app/extend/helper.js",
    "start": 1576750391515,
    "end": 1576750391516,
    "duration": 1,
    "pid": 15540,
    "index": 45
  },
  {
    "name": "Load app.js",
    "start": 1576750391522,
    "end": 1576750391583,
    "duration": 61,
    "pid": 15540,
    "index": 46
  },
  {
    "name": "Require(38) node_modules/egg-session/app.js",
    "start": 1576750391524,
    "end": 1576750391524,
    "duration": 0,
    "pid": 15540,
    "index": 47
  },
  {
    "name": "Require(39) node_modules/egg-security/app.js",
    "start": 1576750391525,
    "end": 1576750391526,
    "duration": 1,
    "pid": 15540,
    "index": 48
  },
  {
    "name": "Require(40) node_modules/egg-onerror/app.js",
    "start": 1576750391528,
    "end": 1576750391536,
    "duration": 8,
    "pid": 15540,
    "index": 49
  },
  {
    "name": "Require(41) node_modules/egg-i18n/app.js",
    "start": 1576750391537,
    "end": 1576750391561,
    "duration": 24,
    "pid": 15540,
    "index": 50
  },
  {
    "name": "Require(42) node_modules/egg-watcher/app.js",
    "start": 1576750391562,
    "end": 1576750391567,
    "duration": 5,
    "pid": 15540,
    "index": 51
  },
  {
    "name": "Require(43) node_modules/egg-schedule/app.js",
    "start": 1576750391568,
    "end": 1576750391569,
    "duration": 1,
    "pid": 15540,
    "index": 52
  },
  {
    "name": "Require(44) node_modules/egg-multipart/app.js",
    "start": 1576750391570,
    "end": 1576750391574,
    "duration": 4,
    "pid": 15540,
    "index": 53
  },
  {
    "name": "Require(45) node_modules/egg-development/app.js",
    "start": 1576750391575,
    "end": 1576750391575,
    "duration": 0,
    "pid": 15540,
    "index": 54
  },
  {
    "name": "Require(46) node_modules/egg-logrotator/app.js",
    "start": 1576750391575,
    "end": 1576750391576,
    "duration": 1,
    "pid": 15540,
    "index": 55
  },
  {
    "name": "Require(47) node_modules/egg-static/app.js",
    "start": 1576750391576,
    "end": 1576750391577,
    "duration": 1,
    "pid": 15540,
    "index": 56
  },
  {
    "name": "Require(48) node_modules/egg-cors/app.js",
    "start": 1576750391578,
    "end": 1576750391578,
    "duration": 0,
    "pid": 15540,
    "index": 57
  },
  {
    "name": "Require(49) node_modules/egg-validate/app.js",
    "start": 1576750391579,
    "end": 1576750391581,
    "duration": 2,
    "pid": 15540,
    "index": 58
  },
  {
    "name": "Require(50) node_modules/egg-sequelize/app.js",
    "start": 1576750391581,
    "end": 1576750391581,
    "duration": 0,
    "pid": 15540,
    "index": 59
  },
  {
    "name": "Before Start in node_modules/egg-watcher/lib/init.js:15:14",
    "start": 1576750391605,
    "end": 1576750392351,
    "duration": 746,
    "pid": 15540,
    "index": 60
  },
  {
    "name": "Load \"Symbol(model)\" to Application",
    "start": 1576750392083,
    "end": 1576750392103,
    "duration": 20,
    "pid": 15540,
    "index": 61
  },
  {
    "name": "Before Start in node_modules/egg-sequelize/lib/loader.js:39:7",
    "start": 1576750392107,
    "end": 1576750392390,
    "duration": 283,
    "pid": 15540,
    "index": 62
  },
  {
    "name": "Load Service",
    "start": 1576750392107,
    "end": 1576750392120,
    "duration": 13,
    "pid": 15540,
    "index": 63
  },
  {
    "name": "Load \"service\" to Context",
    "start": 1576750392107,
    "end": 1576750392120,
    "duration": 13,
    "pid": 15540,
    "index": 64
  },
  {
    "name": "Load Middleware",
    "start": 1576750392120,
    "end": 1576750392264,
    "duration": 144,
    "pid": 15540,
    "index": 65
  },
  {
    "name": "Load \"middlewares\" to Application",
    "start": 1576750392120,
    "end": 1576750392251,
    "duration": 131,
    "pid": 15540,
    "index": 66
  },
  {
    "name": "Load Controller",
    "start": 1576750392264,
    "end": 1576750392271,
    "duration": 7,
    "pid": 15540,
    "index": 67
  },
  {
    "name": "Load \"controller\" to Application",
    "start": 1576750392264,
    "end": 1576750392271,
    "duration": 7,
    "pid": 15540,
    "index": 68
  },
  {
    "name": "Load Router",
    "start": 1576750392271,
    "end": 1576750392276,
    "duration": 5,
    "pid": 15540,
    "index": 69
  },
  {
    "name": "Require(51) app/router.js",
    "start": 1576750392272,
    "end": 1576750392272,
    "duration": 0,
    "pid": 15540,
    "index": 70
  },
  {
    "name": "Before Start in node_modules/egg-core/lib/egg.js:303:10",
    "start": 1576750392273,
    "end": 1576750392298,
    "duration": 25,
    "pid": 15540,
    "index": 71
  }
]