[
  {
    "name": "Application Start",
    "start": 1576750930834,
    "end": 1576750931918,
    "duration": 1084,
    "pid": 800,
    "index": 0
  },
  {
    "name": "Load Plugin",
    "start": 1576750930841,
    "end": 1576750930869,
    "duration": 28,
    "pid": 800,
    "index": 1
  },
  {
    "name": "Load Config",
    "start": 1576750930870,
    "end": 1576750930904,
    "duration": 34,
    "pid": 800,
    "index": 2
  },
  {
    "name": "Require(0) config/config.default.js",
    "start": 1576750930871,
    "end": 1576750930871,
    "duration": 0,
    "pid": 800,
    "index": 3
  },
  {
    "name": "Require(1) node_modules/egg-session/config/config.default.js",
    "start": 1576750930876,
    "end": 1576750930877,
    "duration": 1,
    "pid": 800,
    "index": 4
  },
  {
    "name": "Require(2) node_modules/egg-security/config/config.default.js",
    "start": 1576750930877,
    "end": 1576750930878,
    "duration": 1,
    "pid": 800,
    "index": 5
  },
  {
    "name": "Require(3) node_modules/egg-jsonp/config/config.default.js",
    "start": 1576750930878,
    "end": 1576750930879,
    "duration": 1,
    "pid": 800,
    "index": 6
  },
  {
    "name": "Require(4) node_modules/egg-onerror/config/config.default.js",
    "start": 1576750930880,
    "end": 1576750930880,
    "duration": 0,
    "pid": 800,
    "index": 7
  },
  {
    "name": "Require(5) node_modules/egg-i18n/config/config.default.js",
    "start": 1576750930881,
    "end": 1576750930881,
    "duration": 0,
    "pid": 800,
    "index": 8
  },
  {
    "name": "Require(6) node_modules/egg-watcher/config/config.default.js",
    "start": 1576750930882,
    "end": 1576750930883,
    "duration": 1,
    "pid": 800,
    "index": 9
  },
  {
    "name": "Require(7) node_modules/egg-schedule/config/config.default.js",
    "start": 1576750930884,
    "end": 1576750930884,
    "duration": 0,
    "pid": 800,
    "index": 10
  },
  {
    "name": "Require(8) node_modules/egg-multipart/config/config.default.js",
    "start": 1576750930885,
    "end": 1576750930885,
    "duration": 0,
    "pid": 800,
    "index": 11
  },
  {
    "name": "Require(9) node_modules/egg-development/config/config.default.js",
    "start": 1576750930886,
    "end": 1576750930887,
    "duration": 1,
    "pid": 800,
    "index": 12
  },
  {
    "name": "Require(10) node_modules/egg-logrotator/config/config.default.js",
    "start": 1576750930888,
    "end": 1576750930888,
    "duration": 0,
    "pid": 800,
    "index": 13
  },
  {
    "name": "Require(11) node_modules/egg-static/config/config.default.js",
    "start": 1576750930888,
    "end": 1576750930889,
    "duration": 1,
    "pid": 800,
    "index": 14
  },
  {
    "name": "Require(12) node_modules/egg-view/config/config.default.js",
    "start": 1576750930890,
    "end": 1576750930890,
    "duration": 0,
    "pid": 800,
    "index": 15
  },
  {
    "name": "Require(13) node_modules/egg-cors/config/config.default.js",
    "start": 1576750930891,
    "end": 1576750930891,
    "duration": 0,
    "pid": 800,
    "index": 16
  },
  {
    "name": "Require(14) node_modules/egg-validate/config/config.default.js",
    "start": 1576750930892,
    "end": 1576750930892,
    "duration": 0,
    "pid": 800,
    "index": 17
  },
  {
    "name": "Require(15) node_modules/egg-sequelize/config/config.default.js",
    "start": 1576750930893,
    "end": 1576750930893,
    "duration": 0,
    "pid": 800,
    "index": 18
  },
  {
    "name": "Require(16) node_modules/egg/config/config.default.js",
    "start": 1576750930894,
    "end": 1576750930894,
    "duration": 0,
    "pid": 800,
    "index": 19
  },
  {
    "name": "Require(17) config/config.default.js",
    "start": 1576750930896,
    "end": 1576750930896,
    "duration": 0,
    "pid": 800,
    "index": 20
  },
  {
    "name": "Require(18) node_modules/egg-security/config/config.local.js",
    "start": 1576750930897,
    "end": 1576750930897,
    "duration": 0,
    "pid": 800,
    "index": 21
  },
  {
    "name": "Require(19) node_modules/egg-watcher/config/config.local.js",
    "start": 1576750930899,
    "end": 1576750930899,
    "duration": 0,
    "pid": 800,
    "index": 22
  },
  {
    "name": "Require(20) node_modules/egg-view/config/config.local.js",
    "start": 1576750930902,
    "end": 1576750930902,
    "duration": 0,
    "pid": 800,
    "index": 23
  },
  {
    "name": "Require(21) node_modules/egg/config/config.local.js",
    "start": 1576750930904,
    "end": 1576750930904,
    "duration": 0,
    "pid": 800,
    "index": 24
  },
  {
    "name": "Load extend/application.js",
    "start": 1576750930906,
    "end": 1576750930931,
    "duration": 25,
    "pid": 800,
    "index": 25
  },
  {
    "name": "Require(22) node_modules/egg-session/app/extend/application.js",
    "start": 1576750930908,
    "end": 1576750930908,
    "duration": 0,
    "pid": 800,
    "index": 26
  },
  {
    "name": "Require(23) node_modules/egg-security/app/extend/application.js",
    "start": 1576750930909,
    "end": 1576750930910,
    "duration": 1,
    "pid": 800,
    "index": 27
  },
  {
    "name": "Require(24) node_modules/egg-jsonp/app/extend/application.js",
    "start": 1576750930911,
    "end": 1576750930913,
    "duration": 2,
    "pid": 800,
    "index": 28
  },
  {
    "name": "Require(25) node_modules/egg-logrotator/app/extend/application.js",
    "start": 1576750930917,
    "end": 1576750930919,
    "duration": 2,
    "pid": 800,
    "index": 29
  },
  {
    "name": "Require(26) node_modules/egg-view/app/extend/application.js",
    "start": 1576750930920,
    "end": 1576750930922,
    "duration": 2,
    "pid": 800,
    "index": 30
  },
  {
    "name": "Load extend/request.js",
    "start": 1576750930931,
    "end": 1576750930943,
    "duration": 12,
    "pid": 800,
    "index": 31
  },
  {
    "name": "Require(27) node_modules/egg/app/extend/request.js",
    "start": 1576750930936,
    "end": 1576750930937,
    "duration": 1,
    "pid": 800,
    "index": 32
  },
  {
    "name": "Load extend/response.js",
    "start": 1576750930943,
    "end": 1576750930954,
    "duration": 11,
    "pid": 800,
    "index": 33
  },
  {
    "name": "Require(28) node_modules/egg/app/extend/response.js",
    "start": 1576750930947,
    "end": 1576750930948,
    "duration": 1,
    "pid": 800,
    "index": 34
  },
  {
    "name": "Load extend/context.js",
    "start": 1576750930954,
    "end": 1576750931025,
    "duration": 71,
    "pid": 800,
    "index": 35
  },
  {
    "name": "Require(29) node_modules/egg-security/app/extend/context.js",
    "start": 1576750930955,
    "end": 1576750930966,
    "duration": 11,
    "pid": 800,
    "index": 36
  },
  {
    "name": "Require(30) node_modules/egg-jsonp/app/extend/context.js",
    "start": 1576750930966,
    "end": 1576750930967,
    "duration": 1,
    "pid": 800,
    "index": 37
  },
  {
    "name": "Require(31) node_modules/egg-i18n/app/extend/context.js",
    "start": 1576750930969,
    "end": 1576750930969,
    "duration": 0,
    "pid": 800,
    "index": 38
  },
  {
    "name": "Require(32) node_modules/egg-multipart/app/extend/context.js",
    "start": 1576750930971,
    "end": 1576750931014,
    "duration": 43,
    "pid": 800,
    "index": 39
  },
  {
    "name": "Require(33) node_modules/egg-view/app/extend/context.js",
    "start": 1576750931015,
    "end": 1576750931016,
    "duration": 1,
    "pid": 800,
    "index": 40
  },
  {
    "name": "Require(34) node_modules/egg-validate/app/extend/context.js",
    "start": 1576750931017,
    "end": 1576750931017,
    "duration": 0,
    "pid": 800,
    "index": 41
  },
  {
    "name": "Require(35) node_modules/egg/app/extend/context.js",
    "start": 1576750931018,
    "end": 1576750931019,
    "duration": 1,
    "pid": 800,
    "index": 42
  },
  {
    "name": "Load extend/helper.js",
    "start": 1576750931025,
    "end": 1576750931054,
    "duration": 29,
    "pid": 800,
    "index": 43
  },
  {
    "name": "Require(36) node_modules/egg-security/app/extend/helper.js",
    "start": 1576750931026,
    "end": 1576750931045,
    "duration": 19,
    "pid": 800,
    "index": 44
  },
  {
    "name": "Require(37) node_modules/egg/app/extend/helper.js",
    "start": 1576750931048,
    "end": 1576750931049,
    "duration": 1,
    "pid": 800,
    "index": 45
  },
  {
    "name": "Load app.js",
    "start": 1576750931055,
    "end": 1576750931108,
    "duration": 53,
    "pid": 800,
    "index": 46
  },
  {
    "name": "Require(38) node_modules/egg-session/app.js",
    "start": 1576750931055,
    "end": 1576750931056,
    "duration": 1,
    "pid": 800,
    "index": 47
  },
  {
    "name": "Require(39) node_modules/egg-security/app.js",
    "start": 1576750931057,
    "end": 1576750931058,
    "duration": 1,
    "pid": 800,
    "index": 48
  },
  {
    "name": "Require(40) node_modules/egg-onerror/app.js",
    "start": 1576750931059,
    "end": 1576750931068,
    "duration": 9,
    "pid": 800,
    "index": 49
  },
  {
    "name": "Require(41) node_modules/egg-i18n/app.js",
    "start": 1576750931069,
    "end": 1576750931089,
    "duration": 20,
    "pid": 800,
    "index": 50
  },
  {
    "name": "Require(42) node_modules/egg-watcher/app.js",
    "start": 1576750931089,
    "end": 1576750931093,
    "duration": 4,
    "pid": 800,
    "index": 51
  },
  {
    "name": "Require(43) node_modules/egg-schedule/app.js",
    "start": 1576750931093,
    "end": 1576750931096,
    "duration": 3,
    "pid": 800,
    "index": 52
  },
  {
    "name": "Require(44) node_modules/egg-multipart/app.js",
    "start": 1576750931096,
    "end": 1576750931099,
    "duration": 3,
    "pid": 800,
    "index": 53
  },
  {
    "name": "Require(45) node_modules/egg-development/app.js",
    "start": 1576750931099,
    "end": 1576750931099,
    "duration": 0,
    "pid": 800,
    "index": 54
  },
  {
    "name": "Require(46) node_modules/egg-logrotator/app.js",
    "start": 1576750931100,
    "end": 1576750931101,
    "duration": 1,
    "pid": 800,
    "index": 55
  },
  {
    "name": "Require(47) node_modules/egg-static/app.js",
    "start": 1576750931101,
    "end": 1576750931101,
    "duration": 0,
    "pid": 800,
    "index": 56
  },
  {
    "name": "Require(48) node_modules/egg-cors/app.js",
    "start": 1576750931103,
    "end": 1576750931103,
    "duration": 0,
    "pid": 800,
    "index": 57
  },
  {
    "name": "Require(49) node_modules/egg-validate/app.js",
    "start": 1576750931104,
    "end": 1576750931106,
    "duration": 2,
    "pid": 800,
    "index": 58
  },
  {
    "name": "Require(50) node_modules/egg-sequelize/app.js",
    "start": 1576750931107,
    "end": 1576750931107,
    "duration": 0,
    "pid": 800,
    "index": 59
  },
  {
    "name": "Before Start in node_modules/egg-watcher/lib/init.js:15:14",
    "start": 1576750931129,
    "end": 1576750931861,
    "duration": 732,
    "pid": 800,
    "index": 60
  },
  {
    "name": "Load \"Symbol(model)\" to Application",
    "start": 1576750931624,
    "end": 1576750931643,
    "duration": 19,
    "pid": 800,
    "index": 61
  },
  {
    "name": "Before Start in node_modules/egg-sequelize/lib/loader.js:39:7",
    "start": 1576750931647,
    "end": 1576750931917,
    "duration": 270,
    "pid": 800,
    "index": 62
  },
  {
    "name": "Load Service",
    "start": 1576750931647,
    "end": 1576750931658,
    "duration": 11,
    "pid": 800,
    "index": 63
  },
  {
    "name": "Load \"service\" to Context",
    "start": 1576750931647,
    "end": 1576750931658,
    "duration": 11,
    "pid": 800,
    "index": 64
  },
  {
    "name": "Load Middleware",
    "start": 1576750931659,
    "end": 1576750931799,
    "duration": 140,
    "pid": 800,
    "index": 65
  },
  {
    "name": "Load \"middlewares\" to Application",
    "start": 1576750931659,
    "end": 1576750931787,
    "duration": 128,
    "pid": 800,
    "index": 66
  },
  {
    "name": "Load Controller",
    "start": 1576750931799,
    "end": 1576750931808,
    "duration": 9,
    "pid": 800,
    "index": 67
  },
  {
    "name": "Load \"controller\" to Application",
    "start": 1576750931799,
    "end": 1576750931808,
    "duration": 9,
    "pid": 800,
    "index": 68
  },
  {
    "name": "Load Router",
    "start": 1576750931808,
    "end": 1576750931812,
    "duration": 4,
    "pid": 800,
    "index": 69
  },
  {
    "name": "Require(51) app/router.js",
    "start": 1576750931808,
    "end": 1576750931808,
    "duration": 0,
    "pid": 800,
    "index": 70
  },
  {
    "name": "Before Start in node_modules/egg-core/lib/egg.js:303:10",
    "start": 1576750931810,
    "end": 1576750931834,
    "duration": 24,
    "pid": 800,
    "index": 71
  }
]